supplier_id,name,category,country,onboarded_date,years_in_business,tier,on_time_delivery_rate,avg_delivery_delay_days,defect_rate,order_volume_monthly,fulfillment_rate,return_rate,payment_delay_days,credit_score,debt_to_equity,current_ratio,revenue_growth_pct,cash_runway_months,complaints_last_90d,contract_renewal_rate,quality_audit_score
SUP-00001,Daily Partners 0001,Logistics,Turkey,2024-06-29,5.8,1,0.913,3.6,0.0022,4990,1.0,0.0189,0.0,775,0.05,2.57,19.3,16.2,1,0.904,100.0
SUP-00002,Acme International 0002,Chemicals,Vietnam,2024-12-18,7.7,2,0.947,10.3,0.0016,2806,1.0,0.0041,0.0,769,0.62,3.14,16.6,16.4,1,1.0,100.0
SUP-00003,Roxxon Partners 0003,Chemicals,USA,2020-08-06,23.1,1,0.762,3.0,0.0263,5053,0.89,0.0248,4.4,621,1.56,0.88,2.5,5.1,4,0.668,79.2
SUP-00004,Krusty International 0004,Electronics,Japan,2024-02-10,3.5,2,0.829,5.3,0.0136,4172,0.908,0.0588,0.0,709,1.71,1.34,-1.9,7.8,1,1.0,98.1
SUP-00005,Tyrell Worldwide 0005,Chemicals,Poland,2024-09-27,25.8,2,0.81,2.5,0.0373,4355,0.922,0.0707,4.5,751,1.13,1.72,-8.2,8.2,4,0.83,85.9
SUP-00006,Rand Solutions 0006,Textiles,Japan,2023-06-11,22.0,2,0.864,1.4,0.0245,8219,0.895,0.0411,6.4,608,1.12,0.73,3.0,7.3,5,0.905,75.4
SUP-00007,Genco Supply Co 0007,Packaging,Vietnam,2018-09-20,7.3,2,0.84,3.1,0.0145,2520,0.967,0.0463,1.4,691,1.24,1.51,-3.8,12.9,1,0.86,81.7
SUP-00008,Cogswell Supply Co 0008,Raw Materials,Germany,2024-11-21,8.3,3,0.757,3.0,0.0296,5723,0.994,0.0206,22.3,655,0.72,1.14,10.9,13.4,3,0.923,78.9
SUP-00009,Nakatomi Group 0009,Packaging,Mexico,2021-09-14,12.2,3,0.762,6.8,0.0309,1650,0.938,0.0311,2.3,655,1.73,2.1,-4.1,4.3,3,0.84,99.2
SUP-00010,Daily Limited 0010,Machinery,India,2021-08-14,16.1,3,0.899,13.1,0.0394,2118,0.903,0.1354,9.1,737,0.77,1.4,4.5,9.0,1,0.829,77.6
SUP-00011,Roxxon International 0011,Packaging,Japan,2019-06-27,3.3,1,0.963,0.5,0.0041,18551,0.906,0.0703,13.6,776,0.7,1.95,5.3,0.5,3,0.599,77.9
SUP-00012,Soylent Corp 0012,Packaging,Japan,2018-06-04,7.4,1,0.843,0.0,0.0203,577,0.945,0.014,0.0,714,0.67,1.56,4.4,14.0,1,0.864,84.8
SUP-00013,Tyrell Industries 0013,Machinery,Germany,2022-08-16,5.1,2,0.844,1.9,0.0346,1256,0.865,0.0599,2.6,656,1.84,1.77,-3.0,8.2,1,0.72,79.9
SUP-00014,Pym Group 0014,Machinery,Mexico,2019-12-11,24.3,2,0.929,0.1,0.099,755,0.851,0.1679,4.2,722,1.09,1.52,9.7,10.4,4,0.769,81.6
SUP-00015,Krusty Logistics 0015,Machinery,Poland,2021-08-03,19.3,2,0.907,4.0,0.0169,2155,0.919,0.0135,4.2,750,0.86,1.37,-2.8,10.8,3,0.872,80.1
SUP-00016,Duff Systems 0016,Raw Materials,USA,2019-04-27,8.7,3,1.0,0.0,0.0681,3774,1.0,0.0397,16.6,837,0.32,3.01,21.6,19.3,1,1.0,100.0
SUP-00017,Cortex Holdings 0017,Raw Materials,Vietnam,2018-06-28,7.4,3,0.815,7.7,0.0395,3768,0.918,0.0377,3.2,784,0.72,2.28,10.4,12.5,1,0.851,96.4
SUP-00018,Wayne Tech International 0018,Chemicals,India,2023-07-27,14.3,2,0.868,3.2,0.0212,2113,0.906,0.031,0.4,703,1.18,1.64,4.5,6.0,3,0.804,97.3
SUP-00019,Wayne Tech Limited 0019,Chemicals,USA,2018-10-29,1.8,3,0.865,0.0,0.0283,4634,0.917,0.0951,3.7,742,0.6,1.64,6.9,3.4,1,0.86,87.2
SUP-00020,Stark Worldwide 0020,Machinery,Turkey,2020-11-14,5.8,3,0.938,2.1,0.0341,1859,0.968,0.0318,8.1,847,0.31,2.22,11.5,17.5,0,0.844,95.2
SUP-00021,Cyberdyne LLC 0021,Food,China,2024-01-23,7.4,3,0.839,0.4,0.0205,284,0.922,0.0466,13.1,794,0.73,2.31,11.4,8.2,0,0.886,85.3
SUP-00022,Massive Dynamic Holdings 0022,Textiles,Germany,2018-03-21,10.9,2,0.883,5.8,0.0192,469,0.819,0.0279,2.3,688,1.1,1.19,-3.7,11.9,4,0.876,75.8
SUP-00023,Duff Holdings 0023,Food,Turkey,2019-04-16,17.2,3,0.769,4.3,0.014,6269,0.935,0.0759,3.6,609,0.73,1.2,2.3,1.7,8,0.83,72.4
SUP-00024,Cooper Manufacturing 0024,Food,Japan,2023-09-30,7.6,2,0.795,6.0,0.0076,14315,0.903,0.0294,6.1,704,0.97,2.07,-1.2,13.1,1,0.786,91.5
SUP-00025,Bluth International 0025,Raw Materials,Brazil,2018-05-27,12.4,2,0.945,0.0,0.0334,1535,0.995,0.082,1.3,842,0.94,1.86,21.2,14.1,0,0.896,91.0
SUP-00026,Hammer LLC 0026,Textiles,USA,2024-06-27,29.9,2,0.98,0.8,0.0231,817,1.0,0.0913,0.0,698,0.9,1.72,1.9,10.6,0,0.875,79.6
SUP-00027,Daily Group 0027,Chemicals,China,2021-07-05,8.4,2,0.931,3.3,0.0232,7084,0.932,0.0721,0.0,755,0.21,2.04,20.8,19.0,0,0.979,91.6
SUP-00028,Hooli Partners 0028,Food,USA,2020-09-25,10.5,2,0.647,0.6,0.0483,65038,0.787,0.0283,2.7,638,1.63,1.39,-1.0,5.8,1,0.693,82.2
SUP-00029,Rand Holdings 0029,Logistics,China,2019-03-31,19.6,2,0.951,0.0,0.0211,1080,1.0,0.0498,0.0,770,0.22,1.68,11.5,16.0,1,0.99,96.1
SUP-00030,Hardman Industries 0030,Electronics,Brazil,2019-12-23,17.2,2,0.895,5.7,0.0169,879,0.865,0.0487,9.4,650,1.1,1.43,9.7,3.7,0,0.812,83.0
SUP-00031,Hooli Trading 0031,Food,Poland,2022-04-03,10.7,2,0.944,6.6,0.0137,892,0.96,0.1004,19.4,722,1.25,1.29,17.0,13.8,1,0.962,85.1
SUP-00032,Hooli Manufacturing 0032,Raw Materials,India,2023-09-30,34.3,2,0.858,1.3,0.0331,517,0.909,0.0526,20.9,718,1.5,0.67,1.4,2.9,8,0.657,68.9
SUP-00033,Vortex Solutions 0033,Machinery,Mexico,2018-10-22,14.3,2,0.853,1.2,0.0676,4683,0.978,0.0509,6.6,734,0.71,1.61,12.5,10.7,2,0.901,78.1
SUP-00034,Pearson LLC 0034,Raw Materials,Germany,2021-04-02,14.1,2,0.834,1.9,0.0343,881,0.882,0.0357,12.5,604,1.86,0.56,-11.1,6.2,2,0.727,67.4
SUP-00035,Yutani Solutions 0035,Packaging,China,2018-11-03,22.2,3,0.952,0.0,0.0585,5534,0.879,0.0722,8.9,733,0.05,1.67,13.9,8.2,1,0.898,83.7
SUP-00036,LexCorp Corp 0036,Chemicals,Japan,2021-01-07,14.2,3,0.958,0.3,0.0518,2271,0.949,0.0404,15.4,656,0.67,1.12,5.7,0.5,0,0.665,92.7
SUP-00037,Gringotts Limited 0037,Food,Mexico,2018-06-12,8.1,3,0.794,14.2,0.0503,6671,0.902,0.0842,0.0,700,0.97,1.05,8.8,3.1,0,0.765,91.3
SUP-00038,Yutani Manufacturing 0038,Raw Materials,USA,2020-06-22,7.2,2,0.84,0.1,0.0269,6720,0.869,0.0191,4.8,686,2.34,1.11,4.4,6.7,4,0.871,91.5
SUP-00039,LexCorp Logistics 0039,Machinery,Vietnam,2020-05-24,13.0,2,0.739,9.6,0.0348,5347,0.866,0.045,6.1,680,1.16,0.97,-1.4,9.2,5,0.735,84.3
SUP-00040,Duff Corp 0040,Raw Materials,Brazil,2020-05-06,2.2,2,0.894,0.0,0.0181,6213,0.899,0.0444,3.5,801,0.58,1.53,9.7,16.1,1,1.0,100.0
SUP-00041,Pied Piper Solutions 0041,Logistics,USA,2024-06-20,17.0,3,0.912,1.2,0.0366,2403,0.878,0.1235,3.8,732,0.37,1.6,6.3,5.8,7,0.799,82.7
SUP-00042,Hooli Systems 0042,Textiles,Mexico,2022-12-12,11.8,2,0.883,0.6,0.0343,8980,0.856,0.066,1.5,695,0.92,1.15,5.4,8.0,0,0.841,93.7
SUP-00043,Soylent Partners 0043,Packaging,Vietnam,2023-08-01,26.3,1,0.947,6.4,0.007,4258,0.983,0.0252,1.9,746,0.4,2.4,10.9,12.2,0,1.0,91.7
SUP-00044,LexCorp Group 0044,Machinery,Germany,2022-06-19,28.4,3,0.903,0.0,0.0188,4497,0.93,0.0482,0.0,765,0.43,2.1,16.2,17.5,2,0.898,95.9
SUP-00045,Rand Industries 0045,Textiles,Germany,2019-01-09,19.5,1,1.0,0.7,0.0215,3935,0.949,0.0147,23.7,720,0.5,2.59,6.0,13.3,1,0.961,79.5
SUP-00046,Weyland Logistics 0046,Logistics,Vietnam,2024-10-09,8.5,3,0.896,4.5,0.019,5321,0.918,0.0358,0.0,818,0.05,2.59,10.5,11.8,1,0.919,84.5
SUP-00047,Aperture LLC 0047,Machinery,Brazil,2024-02-18,7.2,1,0.683,0.9,0.0146,5736,0.902,0.1133,18.5,577,2.01,1.78,-1.1,6.4,7,0.799,79.8
SUP-00048,Vertex Supply Co 0048,Chemicals,Brazil,2023-01-11,11.8,3,0.869,10.4,0.0347,3589,0.895,0.0333,1.8,677,0.42,1.97,-0.3,10.7,2,0.908,87.2
SUP-00049,Cyberdyne LLC 0049,Machinery,Poland,2024-08-11,13.1,2,0.869,0.2,0.0189,1629,0.964,0.1164,18.0,738,1.4,1.35,3.6,11.7,0,0.939,88.1
SUP-00050,Massive Dynamic Partners 0050,Food,Vietnam,2022-01-26,28.3,2,0.956,0.7,0.0339,2740,0.952,0.0995,0.0,723,0.1,2.2,10.9,11.7,1,0.93,92.5
SUP-00051,Cortex Manufacturing 0051,Chemicals,Germany,2022-12-25,9.3,3,0.821,1.0,0.0594,3541,0.88,0.0981,4.3,722,1.28,0.96,5.7,3.4,5,0.86,86.0
SUP-00052,Vortex Systems 0052,Machinery,Vietnam,2022-02-09,5.9,1,0.985,0.0,0.0,3762,0.957,0.0105,2.0,782,0.32,2.29,14.4,16.5,0,1.0,100.0
SUP-00053,Tyrell Limited 0053,Packaging,China,2018-07-02,4.2,2,0.792,0.0,0.0324,2583,0.964,0.0234,3.2,820,0.46,2.34,10.1,16.3,1,0.95,98.4
SUP-00054,Vortex Trading 0054,Electronics,Germany,2021-03-19,6.6,1,0.831,1.3,0.049,1469,0.847,0.0269,24.7,585,2.1,0.9,-5.4,2.3,2,0.633,62.0
SUP-00055,Gringotts Manufacturing 0055,Raw Materials,India,2021-01-08,8.3,1,0.896,1.5,0.0076,1925,0.958,0.0204,9.1,829,0.61,1.92,15.1,15.2,1,0.966,98.4
SUP-00056,Vandelay Industries 0056,Logistics,Brazil,2022-05-01,9.3,2,0.779,1.9,0.0315,7755,0.795,0.0602,8.0,519,2.52,0.66,-12.6,0.5,4,0.743,70.3
SUP-00057,Massive Dynamic Systems 0057,Packaging,Japan,2018-04-09,3.2,1,0.93,0.3,0.0073,8709,0.902,0.0519,8.4,731,0.66,1.95,12.3,10.2,2,0.918,79.2
SUP-00058,Spacely Trading 0058,Electronics,Vietnam,2023-03-05,13.8,3,0.841,2.4,0.0364,18159,0.902,0.0458,11.9,645,0.47,0.95,2.9,5.0,6,0.726,86.7
SUP-00059,Zenith Solutions 0059,Logistics,Vietnam,2021-11-15,21.7,2,0.703,1.0,0.0177,2922,0.928,0.0356,10.2,704,2.26,0.47,-4.2,0.5,5,0.758,73.8
SUP-00060,Summit International 0060,Chemicals,Mexico,2022-10-16,9.4,3,0.84,5.9,0.0818,4894,0.862,0.1054,5.6,632,1.27,1.06,-5.5,1.5,4,0.725,77.8
SUP-00061,Tyrell Partners 0061,Chemicals,Brazil,2020-10-31,4.2,1,0.843,13.7,0.0204,1670,0.849,0.0725,4.0,674,0.91,1.91,1.5,6.3,6,0.8,74.3
SUP-00062,Bugle Supply Co 0062,Chemicals,Japan,2021-08-24,7.7,1,0.897,16.1,0.0596,3252,0.873,0.0495,13.6,627,1.54,1.19,-4.7,0.5,7,0.785,76.0
SUP-00063,Soylent Worldwide 0063,Machinery,Turkey,2022-11-09,5.3,2,0.855,2.8,0.0285,11460,0.943,0.0181,48.1,813,0.66,1.94,10.0,13.8,1,0.844,88.7
SUP-00064,Pym LLC 0064,Logistics,Vietnam,2018-03-10,2.7,2,0.834,0.5,0.0101,1226,0.893,0.0224,5.2,627,1.69,1.18,5.5,4.7,6,0.9,77.2
SUP-00065,Oscorp LLC 0065,Raw Materials,China,2023-12-31,9.7,2,0.936,0.1,0.0172,868,1.0,0.0194,2.8,701,0.14,1.92,9.2,14.3,1,0.882,97.2
SUP-00066,Pym Industries 0066,Textiles,Vietnam,2019-12-26,10.7,3,0.768,3.1,0.0162,5651,0.939,0.0178,0.4,715,0.51,3.09,1.9,10.3,2,1.0,100.0
SUP-00067,Compu Trading 0067,Logistics,USA,2024-05-30,25.3,3,0.915,6.3,0.0327,3360,0.956,0.0513,6.9,850,0.14,1.99,10.4,12.3,0,1.0,91.6
SUP-00068,Daily Partners 0068,Chemicals,Brazil,2018-12-12,9.4,1,0.884,5.6,0.0147,5452,0.917,0.0161,10.2,624,0.32,0.92,-2.7,6.1,2,0.801,77.5
SUP-00069,Compu Manufacturing 0069,Textiles,Turkey,2023-04-17,7.3,2,0.916,4.5,0.0656,221,0.848,0.0767,3.5,686,1.64,1.75,-5.9,2.6,3,0.785,77.3
SUP-00070,Cooper Trading 0070,Chemicals,Mexico,2023-02-12,6.8,1,1.0,0.0,0.0114,7049,0.916,0.0282,1.3,725,0.5,1.57,12.3,11.1,0,0.921,88.9
SUP-00071,Queen Solutions 0071,Chemicals,USA,2019-08-22,17.1,2,0.913,9.1,0.0129,6842,0.966,0.0788,12.2,714,0.87,1.46,13.4,0.5,3,0.811,84.4
SUP-00072,Massive Dynamic Limited 0072,Chemicals,Germany,2023-10-21,8.5,2,0.761,3.9,0.0193,581,0.79,0.0364,8.4,563,2.26,1.2,-6.3,5.4,6,0.668,72.8
SUP-00073,LexCorp Group 0073,Chemicals,Poland,2018-03-17,11.4,2,0.898,1.2,0.0102,2343,0.98,0.0781,0.7,716,0.32,1.58,0.2,7.4,9,0.894,97.4
SUP-00074,Tyrell Systems 0074,Packaging,Poland,2024-05-12,9.6,2,0.852,7.7,0.0423,1637,0.91,0.0285,7.1,684,0.96,1.37,-2.5,4.1,3,0.715,84.5
SUP-00075,Stark LLC 0075,Logistics,Germany,2024-09-07,3.0,2,0.88,1.5,0.0326,691,0.922,0.0229,15.0,657,0.86,1.75,6.9,7.4,2,0.851,86.6
SUP-00076,Hooli Limited 0076,Packaging,China,2021-03-22,3.4,3,0.835,0.0,0.0349,7948,0.909,0.0514,3.1,726,0.53,1.6,7.3,11.6,0,0.809,71.7
SUP-00077,Stark Group 0077,Machinery,China,2018-11-21,10.5,2,0.834,7.2,0.0427,846,0.9,0.0491,3.9,732,1.35,1.56,-3.4,4.7,1,0.592,79.3
SUP-00078,Black Mesa Group 0078,Electronics,China,2019-10-08,13.2,1,0.897,0.9,0.0228,16435,0.837,0.0145,6.4,640,1.31,1.91,-5.4,1.1,2,0.661,80.0
SUP-00079,Mifflin Logistics 0079,Packaging,Japan,2019-01-09,53.7,3,0.745,3.3,0.0553,4951,0.796,0.1556,6.9,602,2.26,0.54,3.2,4.7,4,0.65,89.4
SUP-00080,Wayne Tech Logistics 0080,Food,Vietnam,2021-03-09,16.8,1,0.836,0.5,0.0024,1403,0.941,0.0476,0.7,753,1.09,2.53,9.9,15.9,0,0.96,90.4
SUP-00081,Bugle Manufacturing 0081,Chemicals,Mexico,2022-05-05,11.9,2,0.858,4.5,0.0298,790,0.893,0.0493,2.1,650,1.12,1.16,4.2,10.2,6,0.707,80.1
SUP-00082,Cooper International 0082,Textiles,USA,2021-08-16,12.2,3,0.804,3.3,0.026,2770,0.92,0.0998,6.2,627,0.51,0.82,9.4,5.2,2,0.881,78.8
SUP-00083,Hardman Partners 0083,Raw Materials,India,2020-05-22,10.9,3,0.976,0.0,0.029,726,0.989,0.0314,0.0,714,0.51,2.49,27.3,17.3,0,0.971,96.9
SUP-00084,Soylent Solutions 0084,Textiles,Mexico,2023-02-02,6.8,3,0.882,2.9,0.0945,3930,0.906,0.0712,1.3,709,0.98,1.91,4.3,11.8,5,0.976,91.5
SUP-00085,Wayne Tech International 0085,Packaging,Germany,2023-09-01,9.4,1,0.863,3.4,0.0257,1432,0.824,0.0343,6.4,697,1.64,1.0,4.1,2.7,6,0.855,79.6
SUP-00086,Black Mesa Industries 0086,Chemicals,Germany,2022-02-11,3.1,3,0.854,1.0,0.0115,1279,0.848,0.0224,7.8,729,1.33,2.04,16.8,9.5,2,0.85,79.9
SUP-00087,Gringotts Corp 0087,Electronics,USA,2020-10-10,8.8,2,0.867,2.3,0.0542,1756,0.905,0.0664,3.2,608,1.45,1.4,-3.0,5.5,6,0.772,70.0
SUP-00088,Vortex Trading 0088,Food,India,2024-07-07,13.4,2,1.0,0.1,0.0261,4295,0.975,0.0314,11.8,813,0.81,1.98,12.0,13.5,2,1.0,87.5
SUP-00089,Acme Partners 0089,Electronics,Germany,2023-01-10,9.1,1,0.87,6.0,0.0209,9105,0.952,0.0198,1.1,678,0.65,1.48,1.5,7.9,3,0.795,80.5
SUP-00090,Rand Partners 0090,Machinery,Japan,2020-07-03,21.9,1,0.924,4.0,0.0216,1107,0.963,0.096,0.0,781,0.82,2.46,16.7,10.1,1,0.923,92.7
SUP-00091,Hammer LLC 0091,Machinery,China,2018-03-30,2.7,2,0.864,2.9,0.0816,7070,0.898,0.0605,0.9,742,0.96,1.72,9.5,7.8,0,0.821,95.9
SUP-00092,Compu Systems 0092,Packaging,China,2018-07-27,20.4,2,0.715,8.4,0.0398,6401,0.906,0.0258,8.2,675,0.78,1.25,5.1,4.0,5,0.872,81.6
SUP-00093,Cogswell International 0093,Textiles,Germany,2019-10-12,7.1,2,0.8,1.4,0.0497,1611,0.852,0.0525,2.1,671,2.05,1.92,-0.1,9.8,6,0.773,83.0
SUP-00094,Wonka LLC 0094,Packaging,USA,2018-08-24,15.3,2,0.837,0.6,0.0407,6459,0.958,0.0445,2.4,664,1.72,1.87,-0.7,9.6,5,0.756,91.9
SUP-00095,Cortex Partners 0095,Electronics,Japan,2019-02-03,28.9,3,0.794,1.8,0.0507,611,0.916,0.0473,4.9,614,1.52,2.0,-10.0,4.9,3,0.736,71.3
SUP-00096,Dunder Manufacturing 0096,Machinery,Poland,2020-03-20,15.1,2,0.903,7.5,0.0105,1134,0.848,0.077,1.6,738,0.68,1.42,-1.0,5.0,2,0.802,86.2
SUP-00097,Compu Limited 0097,Packaging,China,2021-03-08,15.8,2,0.866,3.3,0.0125,3868,0.982,0.0219,6.2,758,0.27,1.49,11.7,12.4,1,0.922,88.6
SUP-00098,Apex Logistics 0098,Food,India,2019-01-09,15.8,2,0.991,0.0,0.0448,1602,0.957,0.0324,1.7,780,0.51,1.7,15.4,14.1,0,0.979,91.2
SUP-00099,Hardman Corp 0099,Electronics,Poland,2022-08-03,20.4,2,0.981,0.4,0.0155,1671,0.877,0.0481,18.9,664,1.39,0.99,3.1,3.7,4,0.939,86.1
SUP-00100,Gringotts Systems 0100,Raw Materials,Vietnam,2024-10-09,3.5,2,0.888,0.1,0.0367,1179,0.895,0.0224,1.3,716,1.16,2.21,7.0,8.1,1,0.99,93.1
SUP-00101,Aperture Industries 0101,Raw Materials,Japan,2024-08-24,4.2,2,0.759,1.9,0.033,601,0.854,0.0389,6.6,665,0.97,0.54,-2.9,7.6,3,0.842,65.0
SUP-00102,Pinnacle International 0102,Chemicals,Brazil,2023-07-12,4.3,2,0.931,5.4,0.0501,4897,0.956,0.0446,2.3,704,1.07,2.14,-4.2,8.1,0,0.857,92.9
SUP-00103,Bugle Partners 0103,Logistics,China,2024-11-11,14.1,3,0.856,0.7,0.055,4391,0.895,0.096,3.1,701,1.03,2.37,4.0,9.2,5,0.856,83.3
SUP-00104,Roxxon Logistics 0104,Raw Materials,USA,2018-04-23,15.0,3,0.889,1.8,0.0188,19747,1.0,0.0677,18.5,820,0.48,2.73,9.3,15.3,0,0.954,94.5
SUP-00105,Pinnacle Group 0105,Chemicals,Germany,2023-12-24,23.0,2,0.811,0.8,0.0225,1873,0.87,0.0657,7.1,655,1.73,1.4,2.8,0.5,4,0.805,83.4
SUP-00106,Bugle Trading 0106,Machinery,Japan,2021-07-04,2.3,1,0.941,2.1,0.0395,1932,0.883,0.0366,2.4,657,0.84,1.32,1.6,8.3,4,0.883,83.2
SUP-00107,Planet Corp 0107,Packaging,Germany,2021-06-14,21.1,1,0.899,8.8,0.0133,9343,0.904,0.0251,8.6,697,0.96,1.8,4.9,8.2,1,0.746,86.9
SUP-00108,Tyrell Trading 0108,Chemicals,USA,2020-07-07,10.0,2,0.87,7.3,0.0606,1323,0.831,0.055,3.6,639,1.84,0.86,-3.7,5.5,3,0.793,74.1
SUP-00109,Duff Corp 0109,Raw Materials,Germany,2018-11-06,8.4,1,0.836,2.5,0.0241,13407,0.882,0.0914,26.8,573,1.65,0.2,-2.8,1.0,0,0.798,63.5
SUP-00110,Summit Worldwide 0110,Electronics,Japan,2021-01-29,9.4,2,0.951,0.0,0.0466,4652,0.936,0.0804,0.0,850,0.05,2.94,16.2,20.8,1,1.0,100.0
SUP-00111,Aperture Limited 0111,Electronics,Brazil,2022-01-03,8.1,3,0.818,0.8,0.0296,1059,0.868,0.0748,21.2,636,1.69,1.32,-2.0,0.5,2,0.68,64.8
SUP-00112,Roxxon Limited 0112,Textiles,China,2024-11-23,3.9,1,0.96,0.4,0.0603,4720,0.954,0.0562,0.1,713,0.63,2.16,5.8,11.9,2,0.964,85.9
SUP-00113,Globex Limited 0113,Machinery,India,2021-04-16,26.5,3,0.853,8.1,0.0148,533,0.875,0.0542,27.4,736,1.19,0.24,8.8,8.0,4,0.72,82.1
SUP-00114,Cogswell Systems 0114,Machinery,Poland,2021-03-16,5.8,2,0.801,1.1,0.0094,1454,1.0,0.0819,2.3,723,0.76,1.74,11.1,9.5,1,0.926,84.3
SUP-00115,Initech Worldwide 0115,Textiles,Poland,2023-03-30,4.1,1,0.92,11.5,0.0082,4774,0.975,0.0529,1.5,750,1.13,2.24,8.9,13.3,0,0.882,91.0
SUP-00116,Initech Industries 0116,Logistics,China,2021-08-08,10.6,1,0.941,0.8,0.0267,86337,0.947,0.018,10.7,707,0.05,2.35,3.0,8.3,1,0.935,86.9
SUP-00117,Planet Partners 0117,Logistics,China,2024-11-12,6.0,3,0.755,10.8,0.043,2962,0.936,0.0488,10.3,636,0.93,1.73,8.5,4.0,2,0.857,74.9
SUP-00118,Apex Systems 0118,Machinery,Japan,2023-03-04,38.8,2,0.833,2.1,0.0311,1816,0.863,0.0605,6.4,718,0.05,1.18,3.5,9.8,6,0.959,86.1
SUP-00119,Queen Limited 0119,Logistics,China,2021-01-05,7.0,1,0.938,1.0,0.0,18408,0.929,0.0061,22.0,638,1.07,1.1,20.7,10.9,0,0.85,89.3
SUP-00120,Gringotts Worldwide 0120,Electronics,Japan,2019-08-08,16.2,1,0.757,2.3,0.0296,7123,0.907,0.0815,14.0,668,2.02,0.55,-7.1,1.1,4,0.707,71.3
SUP-00121,Sterling Supply Co 0121,Packaging,Mexico,2022-02-06,25.4,1,0.89,1.8,0.0096,959,0.89,0.0247,0.0,797,0.76,2.08,8.3,12.4,1,0.932,94.3
SUP-00122,Hammer International 0122,Packaging,Vietnam,2018-01-29,12.7,1,0.86,0.9,0.0198,2304,0.879,0.1302,0.1,667,0.99,1.87,5.1,6.3,3,0.854,83.9
SUP-00123,LexCorp Manufacturing 0123,Logistics,Poland,2018-12-29,11.1,2,0.868,2.1,0.0726,1757,0.892,0.0799,7.3,699,0.75,1.47,-2.1,12.9,7,0.805,82.4
SUP-00124,Wayne Solutions 0124,Textiles,India,2023-02-23,9.6,3,0.802,1.6,0.0394,3956,0.949,0.0204,4.7,691,1.22,1.48,7.8,8.6,2,0.934,79.2
SUP-00125,Hammer Solutions 0125,Packaging,Vietnam,2019-02-14,21.9,2,1.0,0.0,0.0031,9618,1.0,0.0461,20.1,850,0.65,2.97,19.4,22.4,0,1.0,100.0
SUP-00126,Hammer Industries 0126,Logistics,Germany,2019-10-29,20.1,3,0.888,0.6,0.0112,1608,0.94,0.0211,2.8,733,1.06,2.47,5.6,9.4,1,0.793,89.1
SUP-00127,Wayne Partners 0127,Textiles,Turkey,2018-04-18,11.9,2,0.861,1.2,0.0162,358,0.938,0.0369,5.4,586,1.72,1.38,-2.8,10.3,5,0.753,79.8
SUP-00128,Cogswell Trading 0128,Textiles,Japan,2019-01-13,20.3,2,0.84,6.0,0.0562,4113,0.855,0.0396,8.6,655,0.05,1.28,0.4,0.5,3,0.83,97.5
SUP-00129,Soylent Partners 0129,Textiles,Brazil,2018-03-07,4.4,2,1.0,0.0,0.0116,608,0.975,0.0169,12.7,726,0.83,2.21,15.9,17.2,1,1.0,93.0
SUP-00130,Weyland Holdings 0130,Machinery,Brazil,2022-07-28,7.0,3,0.904,0.0,0.0412,998,0.866,0.0645,0.3,664,0.81,2.19,9.8,12.8,0,0.851,88.5
SUP-00131,Wayne Tech Corp 0131,Textiles,Mexico,2020-11-17,13.7,3,0.923,10.8,0.0315,4750,1.0,0.0317,0.0,837,0.05,2.72,21.2,18.9,2,0.96,100.0
SUP-00132,Tyrell Trading 0132,Logistics,Mexico,2019-04-05,15.7,3,0.8,4.7,0.0661,4738,0.93,0.0895,0.5,708,1.43,1.94,10.6,5.4,2,0.852,80.6
SUP-00133,Spacely Supply Co 0133,Textiles,Vietnam,2019-04-26,24.6,2,0.877,0.8,0.0177,3759,0.84,0.0751,13.5,682,1.53,0.87,5.8,0.5,5,0.654,94.5
SUP-00134,Sterling Solutions 0134,Textiles,Turkey,2021-12-22,17.6,3,0.942,1.1,0.0274,1600,0.895,0.0534,4.7,721,1.28,2.32,15.9,9.1,1,0.847,87.4
SUP-00135,Pym Corp 0135,Electronics,Vietnam,2022-04-27,9.7,2,1.0,0.0,0.0072,11822,0.952,0.0172,0.0,837,0.63,2.57,6.5,19.2,0,1.0,89.7
SUP-00136,Duff Systems 0136,Raw Materials,Japan,2024-12-14,6.9,3,0.83,2.5,0.0548,3158,0.895,0.0526,7.3,850,0.53,1.74,10.0,9.2,1,0.948,88.1
SUP-00137,Zenith Systems 0137,Logistics,India,2024-04-09,20.3,2,0.835,0.6,0.013,5345,0.853,0.0792,6.2,585,1.36,0.59,2.1,0.5,4,0.732,65.6
SUP-00138,LexCorp Logistics 0138,Logistics,Japan,2021-06-17,17.5,2,0.946,12.8,0.0228,1740,0.918,0.0126,1.1,723,1.27,0.96,3.0,9.2,2,0.802,81.6
SUP-00139,Dunder Manufacturing 0139,Chemicals,India,2019-06-21,10.7,2,0.968,0.0,0.0077,394,0.898,0.0234,0.0,791,0.49,1.75,5.7,10.4,0,0.902,92.8
SUP-00140,Hammer Industries 0140,Food,China,2022-11-17,19.3,2,0.829,6.7,0.0378,4327,0.935,0.0945,9.4,582,1.29,0.59,-7.0,7.1,3,0.737,75.4
SUP-00141,Duff Holdings 0141,Logistics,USA,2018-11-28,10.3,1,0.916,1.4,0.0421,1834,0.932,0.0355,12.1,790,2.41,1.9,4.1,8.5,0,0.832,85.5
SUP-00142,Compu Trading 0142,Packaging,Germany,2019-08-26,27.6,2,0.87,2.0,0.0241,1566,0.865,0.0207,11.6,639,1.81,0.61,-1.3,2.1,6,0.611,81.2
SUP-00143,Massive Dynamic Corp 0143,Raw Materials,USA,2019-10-23,14.8,1,0.999,0.2,0.0192,3150,0.875,0.0242,7.0,651,1.24,0.97,2.4,0.9,2,0.764,80.7
SUP-00144,Spacely International 0144,Chemicals,USA,2024-06-07,9.0,3,0.815,3.3,0.0165,2366,0.894,0.0629,8.1,725,1.41,1.35,-1.9,0.5,3,0.836,88.9
SUP-00145,Summit Industries 0145,Chemicals,Mexico,2024-11-27,11.2,2,0.757,1.8,0.0174,12276,0.836,0.0663,13.6,671,1.14,1.24,-7.6,7.1,3,0.835,87.6
SUP-00146,Stark LLC 0146,Textiles,USA,2018-06-16,17.3,1,0.941,10.7,0.0237,11695,0.955,0.0222,0.0,827,0.05,2.06,8.0,14.4,2,1.0,96.4
SUP-00147,Cogswell Worldwide 0147,Packaging,USA,2023-12-20,13.5,2,0.951,0.0,0.025,5929,0.946,0.127,0.6,755,0.63,1.6,12.8,19.0,0,0.967,88.8
SUP-00148,Hardman Logistics 0148,Logistics,India,2022-07-05,25.6,2,0.766,14.5,0.032,4467,0.882,0.0453,17.2,698,1.33,0.79,1.4,9.2,5,0.838,81.3
SUP-00149,Gringotts International 0149,Chemicals,Mexico,2023-10-26,12.1,2,0.946,3.9,0.032,1034,0.96,0.0522,1.3,768,1.15,2.47,18.6,7.5,1,0.994,82.1
SUP-00150,Cortex Systems 0150,Textiles,USA,2022-09-02,14.9,1,0.876,2.4,0.0207,7745,0.946,0.0868,10.6,742,0.51,2.0,15.0,10.3,0,0.982,87.6
SUP-00151,Mifflin Worldwide 0151,Textiles,Brazil,2024-05-17,15.1,3,0.864,0.6,0.0531,3361,0.945,0.0511,4.1,692,0.83,0.77,1.9,6.2,1,0.866,77.0
SUP-00152,Sterling Group 0152,Food,Mexico,2024-11-01,3.9,1,0.906,0.7,0.0179,1373,0.92,0.0727,7.4,687,1.43,2.4,3.0,11.6,0,1.0,98.6
SUP-00153,Wayne Tech Systems 0153,Chemicals,China,2020-02-28,12.4,2,0.928,4.4,0.008,7245,1.0,0.011,4.4,775,0.08,2.11,18.6,14.0,2,0.998,82.9
SUP-00154,Compu Logistics 0154,Food,Germany,2023-02-19,8.3,1,0.877,6.4,0.0456,294,0.967,0.0273,18.6,732,0.51,1.04,3.5,6.2,4,0.868,73.1
SUP-00155,Vertex Trading 0155,Logistics,India,2023-03-12,12.0,2,0.794,6.6,0.061,5446,0.94,0.0531,2.6,709,1.03,0.8,0.7,5.0,4,0.85,73.8
SUP-00156,Cyberdyne Supply Co 0156,Food,Turkey,2023-04-07,20.2,2,0.839,2.6,0.0142,1646,0.871,0.0162,6.1,723,1.03,1.68,-3.1,4.0,2,0.784,68.2
SUP-00157,Stark LLC 0157,Packaging,Brazil,2020-02-07,15.3,2,0.95,4.2,0.0385,20934,0.951,0.038,2.9,776,0.05,1.96,8.6,6.5,1,0.989,92.7
SUP-00158,Apex Supply Co 0158,Chemicals,Japan,2019-03-22,7.1,2,0.846,0.7,0.0447,5538,0.91,0.04,9.0,654,0.51,1.43,-1.7,0.9,5,0.756,81.5
SUP-00159,Bluth Solutions 0159,Raw Materials,Germany,2019-03-16,21.6,1,0.938,5.1,0.037,245,0.855,0.0847,3.5,726,1.48,1.3,-3.5,3.3,2,0.691,78.1
SUP-00160,Soylent Industries 0160,Food,Japan,2019-07-05,21.3,2,0.897,8.2,0.0311,2335,0.967,0.106,3.3,700,1.51,1.07,7.5,0.7,6,0.822,84.3
SUP-00161,Pym Corp 0161,Electronics,India,2018-01-21,18.2,2,0.858,0.5,0.0274,8273,0.959,0.0249,2.3,689,0.07,1.83,2.3,8.2,3,0.878,91.2
SUP-00162,Bluth Solutions 0162,Food,Germany,2020-10-01,8.9,3,0.78,1.9,0.0236,10246,0.899,0.0946,16.4,705,1.25,1.1,2.2,9.8,6,0.747,76.1
SUP-00163,Genco Worldwide 0163,Logistics,Japan,2019-02-07,7.5,1,0.825,5.1,0.0428,1494,0.798,0.0564,24.7,554,2.03,0.69,-4.7,0.5,4,0.664,83.5
SUP-00164,Oscorp Holdings 0164,Packaging,India,2023-08-25,29.1,2,0.786,5.5,0.02,690,0.903,0.0428,5.3,702,1.35,1.86,-1.5,6.6,5,0.838,87.1
SUP-00165,Aperture Industries 0165,Logistics,Vietnam,2020-09-04,5.1,2,0.927,0.5,0.0219,1833,0.903,0.0301,0.0,765,0.79,2.13,13.0,12.5,0,1.0,96.6
SUP-00166,Queen International 0166,Raw Materials,Germany,2019-08-29,8.8,3,0.766,9.7,0.061,758,0.884,0.0351,3.9,643,1.09,1.23,7.1,6.3,3,0.869,91.2
SUP-00167,Genco Manufacturing 0167,Raw Materials,India,2023-03-20,7.3,1,0.949,5.2,0.0334,1352,0.948,0.0425,4.2,679,0.08,1.36,9.9,2.4,1,0.903,80.8
SUP-00168,Stark Group 0168,Machinery,Mexico,2018-12-27,7.5,2,0.842,4.0,0.0178,3832,0.953,0.0327,3.1,643,1.22,1.55,0.6,4.9,1,0.865,77.5
SUP-00169,Compu Trading 0169,Food,Germany,2022-04-23,1.9,2,0.887,2.8,0.0387,7768,0.885,0.0361,1.1,675,0.53,1.73,11.4,8.7,1,0.91,91.6
SUP-00170,Hardman Manufacturing 0170,Raw Materials,China,2023-07-01,3.7,2,0.918,2.3,0.0544,6253,0.982,0.0772,0.6,715,1.26,1.55,9.3,11.3,0,0.9,88.8
SUP-00171,Apex Holdings 0171,Raw Materials,China,2018-04-04,9.4,1,0.931,3.2,0.0287,4329,0.908,0.055,1.4,693,2.31,1.35,9.9,8.9,0,0.762,99.5
SUP-00172,Roxxon Supply Co 0172,Electronics,Turkey,2023-01-12,4.7,2,0.847,2.7,0.0164,3157,0.907,0.0274,14.9,684,0.66,0.97,6.6,6.4,2,0.719,72.7
SUP-00173,Wayne Tech Worldwide 0173,Logistics,Vietnam,2020-03-31,9.5,2,0.98,0.7,0.036,6556,0.986,0.0343,4.1,759,0.05,2.5,12.8,9.8,0,0.896,99.8
SUP-00174,Initech Limited 0174,Packaging,China,2022-03-19,13.8,2,0.954,0.8,0.0074,1375,0.975,0.0815,32.3,721,0.83,2.28,7.2,12.5,0,1.0,88.2
SUP-00175,Dunder Trading 0175,Packaging,Japan,2021-12-28,13.8,2,0.929,0.6,0.0219,1927,0.895,0.0238,2.5,692,0.05,1.76,19.0,5.9,1,0.929,84.6
SUP-00176,Hammer Worldwide 0176,Electronics,Brazil,2021-01-01,10.6,2,0.938,0.0,0.0247,12615,0.944,0.0598,0.0,783,1.0,1.35,5.3,10.4,1,0.87,87.9
SUP-00177,Pied Piper Corp 0177,Logistics,Germany,2024-09-22,22.1,3,0.826,0.6,0.026,2914,0.896,0.0254,5.7,689,1.26,1.63,13.1,2.8,0,0.895,87.9
SUP-00178,Vortex Systems 0178,Raw Materials,Japan,2024-10-14,17.4,2,0.889,1.5,0.03,509,0.93,0.0749,7.3,705,0.11,1.99,12.7,15.1,2,0.887,100.0
SUP-00179,Genco Limited 0179,Electronics,Vietnam,2018-07-19,8.0,1,0.871,6.6,0.0379,945,0.931,0.0229,2.2,654,1.21,2.29,8.6,10.2,0,0.874,92.0
SUP-00180,Tyrell Systems 0180,Food,China,2023-11-13,14.5,1,0.884,3.1,0.0188,223,0.848,0.0556,10.5,680,0.82,0.99,-0.9,9.3,1,0.721,77.0
SUP-00181,Umbrella Logistics 0181,Raw Materials,Turkey,2018-11-20,5.4,3,0.941,0.0,0.0758,22278,0.861,0.064,1.4,776,0.05,1.63,8.3,15.2,3,1.0,92.9
SUP-00182,Hammer Industries 0182,Chemicals,Japan,2024-02-10,9.7,1,0.86,2.8,0.0774,5599,0.891,0.0577,6.0,707,0.85,1.66,5.9,11.4,11,0.68,81.0
SUP-00183,Pearson Group 0183,Food,Poland,2019-09-23,5.0,2,0.953,1.3,0.0359,783,0.929,0.0354,4.6,740,0.44,1.91,9.4,11.6,1,0.921,87.5
SUP-00184,Aperture Industries 0184,Electronics,Poland,2019-06-15,18.0,1,0.972,2.5,0.0118,21227,0.944,0.0755,10.0,717,0.72,1.94,3.8,12.4,1,0.917,80.1
SUP-00185,Gringotts Systems 0185,Food,Vietnam,2022-07-14,18.8,1,0.947,9.6,0.0741,6562,0.913,0.1139,27.3,708,1.63,1.84,11.6,4.8,6,0.917,75.2
SUP-00186,Aperture Supply Co 0186,Logistics,Poland,2020-04-12,14.7,2,0.741,3.8,0.0446,5104,0.86,0.0378,2.4,640,0.92,1.56,2.3,5.2,3,0.737,76.1
SUP-00187,Dunder LLC 0187,Food,Vietnam,2019-12-26,20.2,3,0.882,1.2,0.045,2102,0.979,0.0508,28.9,750,0.29,1.89,7.6,9.2,1,0.853,90.8
SUP-00188,Cogswell Limited 0188,Chemicals,Vietnam,2019-06-27,14.1,1,0.858,8.6,0.0292,722,0.926,0.0414,34.4,659,1.96,0.78,2.9,8.9,10,0.748,73.9
SUP-00189,Duff Limited 0189,Electronics,Mexico,2019-02-09,15.1,2,0.915,10.2,0.0329,2661,0.927,0.0229,5.1,637,1.45,1.44,-6.3,5.3,4,0.792,75.3
SUP-00190,Krusty Logistics 0190,Machinery,Vietnam,2024-04-13,28.4,2,0.929,0.0,0.0349,1336,0.945,0.054,0.0,798,0.9,2.25,14.9,14.8,3,0.88,100.0
SUP-00191,Yutani Solutions 0191,Electronics,Turkey,2020-03-27,6.8,1,0.952,0.4,0.004,4648,0.91,0.0266,1.3,686,0.73,1.7,-10.3,6.6,3,0.885,87.7
SUP-00192,Pinnacle Solutions 0192,Raw Materials,Japan,2021-09-07,14.2,3,0.768,0.7,0.0367,4177,0.871,0.024,4.2,615,0.72,0.96,1.8,9.4,3,0.775,77.1
SUP-00193,Wayne Trading 0193,Chemicals,Turkey,2022-08-08,4.6,3,0.773,5.0,0.0368,5767,0.88,0.0482,11.5,715,1.33,2.25,0.9,6.7,5,0.785,75.9
SUP-00194,Summit Holdings 0194,Raw Materials,USA,2021-12-30,14.2,1,0.95,0.3,0.0048,1809,0.855,0.0073,0.0,749,0.23,1.43,-3.0,9.1,0,0.894,87.9
SUP-00195,Spacely Limited 0195,Chemicals,Vietnam,2019-10-19,17.4,2,0.771,2.0,0.0342,1704,0.797,0.0292,5.8,630,0.95,1.75,3.9,5.6,3,0.8,59.5
SUP-00196,Vandelay Manufacturing 0196,Logistics,Poland,2024-12-05,10.8,2,0.943,0.0,0.0063,2816,1.0,0.028,9.5,806,0.22,3.1,24.3,23.9,1,1.0,100.0
SUP-00197,Wayne Tech Corp 0197,Raw Materials,Brazil,2022-08-01,7.7,1,0.834,1.4,0.0738,2445,0.854,0.0507,11.3,664,1.67,0.95,-3.7,0.6,5,0.802,78.9
SUP-00198,Mifflin Systems 0198,Machinery,Turkey,2021-07-20,23.7,2,0.78,13.4,0.0749,5259,0.855,0.0594,6.3,664,1.87,1.64,1.8,2.3,3,0.74,76.7
SUP-00199,Yutani Solutions 0199,Raw Materials,Germany,2023-01-06,6.3,2,0.832,2.4,0.0446,3601,0.873,0.0481,19.2,572,0.91,0.82,-3.7,1.7,2,0.751,78.9
SUP-00200,Aperture Logistics 0200,Food,Turkey,2022-01-03,1.9,1,0.859,1.3,0.0083,6597,0.89,0.0405,0.4,698,2.43,1.41,3.1,6.3,4,0.8,80.9
SUP-00201,Cooper International 0201,Electronics,Japan,2024-04-04,18.6,3,0.728,7.5,0.1075,3780,0.81,0.1371,13.7,638,1.59,1.64,5.3,5.8,3,0.789,65.2
SUP-00202,Acme Systems 0202,Logistics,Germany,2022-11-27,16.3,3,0.936,5.5,0.0331,8183,0.86,0.0257,9.2,657,1.58,1.5,-4.9,1.9,5,0.554,73.1
SUP-00203,Wayne Holdings 0203,Packaging,Mexico,2018-10-21,11.5,2,0.932,5.5,0.0059,2659,0.921,0.0451,0.4,710,1.08,1.95,-1.2,7.3,1,0.872,90.7
SUP-00204,Daily Logistics 0204,Machinery,Germany,2024-03-14,11.7,2,0.943,8.1,0.0286,37198,1.0,0.0511,0.9,768,0.07,2.42,21.0,15.9,2,1.0,98.9
SUP-00205,Spacely Systems 0205,Chemicals,Vietnam,2021-04-04,11.3,2,0.735,2.6,0.051,3583,0.995,0.0501,4.5,663,1.83,0.76,7.6,0.5,3,0.755,86.0
SUP-00206,Pym Holdings 0206,Chemicals,USA,2019-01-04,8.8,2,0.913,0.6,0.0549,1656,0.891,0.0526,9.6,678,0.75,1.29,-1.5,5.0,9,0.792,91.0
SUP-00207,Sterling Solutions 0207,Packaging,Mexico,2021-03-16,4.7,1,0.911,2.3,0.0221,10424,0.908,0.0491,2.6,750,0.6,1.84,10.6,4.0,1,0.997,94.5
SUP-00208,Daily Systems 0208,Raw Materials,China,2020-12-05,4.1,1,0.872,4.2,0.0256,2193,0.937,0.0742,1.9,625,1.14,1.1,1.5,5.6,6,0.901,77.3
SUP-00209,Pym Trading 0209,Logistics,Japan,2018-09-25,7.1,3,1.0,0.4,0.0267,4908,0.938,0.0304,0.0,766,1.46,2.08,9.4,21.5,2,0.832,99.3
SUP-00210,Massive Dynamic Partners 0210,Packaging,Brazil,2023-10-13,3.3,2,0.838,3.3,0.0078,2919,0.922,0.0248,4.6,669,1.25,1.87,2.2,7.4,1,0.777,98.6
SUP-00211,Queen Corp 0211,Logistics,Poland,2018-12-29,9.5,1,0.895,4.0,0.0297,882,0.982,0.1045,1.6,721,1.17,2.04,12.1,11.1,0,1.0,86.1
SUP-00212,Cooper Systems 0212,Chemicals,Mexico,2018-08-22,6.6,3,0.707,1.3,0.0395,395,0.859,0.0886,5.0,564,1.35,0.65,-1.2,0.5,2,0.762,60.6
SUP-00213,Spacely Group 0213,Packaging,Poland,2018-03-07,11.6,3,0.872,2.6,0.0174,1593,1.0,0.0528,16.6,710,0.16,1.96,13.5,18.1,1,1.0,98.3
SUP-00214,Mifflin LLC 0214,Logistics,China,2024-02-13,19.6,2,0.764,5.1,0.0318,6011,0.856,0.0833,8.0,634,0.92,1.06,-3.5,3.2,4,0.856,88.3
SUP-00215,Soylent Supply Co 0215,Raw Materials,USA,2023-06-14,5.2,2,0.821,1.1,0.0458,4501,0.882,0.0478,13.9,578,1.66,1.06,3.3,4.9,5,0.676,74.4
SUP-00216,Sterling Logistics 0216,Packaging,Vietnam,2024-08-23,8.1,2,0.968,0.7,0.0144,18333,0.917,0.0169,4.4,743,0.55,2.1,15.7,11.9,1,0.921,96.0
SUP-00217,Pearson Systems 0217,Packaging,Mexico,2023-10-06,14.7,2,0.731,0.5,0.0135,494,0.886,0.0384,2.9,640,1.33,1.67,4.6,7.1,6,0.618,68.5
SUP-00218,Hardman LLC 0218,Chemicals,Germany,2021-01-26,28.6,3,0.799,13.9,0.0443,1208,0.891,0.0926,1.6,656,1.48,1.09,8.5,8.8,3,0.74,80.3
SUP-00219,Tyrell Manufacturing 0219,Electronics,USA,2019-05-03,4.9,2,0.839,0.1,0.0286,588,0.871,0.061,10.6,703,1.42,1.62,5.6,7.4,1,0.788,92.2
SUP-00220,Globex Solutions 0220,Food,Japan,2019-12-06,11.1,3,0.677,2.3,0.0486,5624,0.858,0.0504,20.1,633,1.59,0.83,-3.0,0.5,4,0.688,70.4
SUP-00221,Bluth Industries 0221,Packaging,Poland,2021-05-20,27.5,3,0.577,5.7,0.0278,266,0.897,0.078,4.6,769,1.34,1.06,-1.5,5.8,6,0.756,79.6
SUP-00222,LexCorp Worldwide 0222,Logistics,Turkey,2024-03-21,7.4,2,0.859,9.0,0.0287,4719,0.887,0.0378,3.5,675,0.91,1.19,13.1,4.3,3,0.705,67.1
SUP-00223,Bugle Manufacturing 0223,Textiles,Poland,2024-07-26,4.8,2,0.882,2.9,0.018,311,0.949,0.0273,15.9,691,1.15,2.27,7.1,9.8,1,0.77,84.3
SUP-00224,Pym Corp 0224,Raw Materials,Japan,2023-04-15,16.4,2,0.842,12.3,0.024,822,0.915,0.031,1.1,676,2.79,2.08,6.5,4.7,2,0.899,83.1
SUP-00225,Tyrell Holdings 0225,Machinery,Poland,2018-12-27,29.7,3,0.792,9.1,0.0398,20581,0.878,0.0867,14.1,661,1.55,2.05,8.0,7.3,3,0.595,76.4
SUP-00226,Cortex Group 0226,Logistics,India,2020-05-30,24.9,2,0.896,0.6,0.027,2073,0.944,0.0843,0.0,745,0.67,2.57,12.4,16.2,1,1.0,96.9
SUP-00227,Vortex Supply Co 0227,Packaging,Vietnam,2021-05-28,4.2,1,0.892,1.4,0.0077,688,0.89,0.0349,1.1,716,1.9,1.41,3.9,11.4,7,0.675,88.2
SUP-00228,Massive Dynamic Manufacturing 0228,Textiles,Brazil,2023-03-05,18.6,2,0.748,0.5,0.0202,534,0.88,0.023,13.7,641,0.36,0.89,0.5,1.0,3,0.866,96.5
SUP-00229,Mifflin Partners 0229,Machinery,Japan,2023-07-03,6.9,2,0.932,2.7,0.0674,942,0.854,0.0521,4.1,628,1.92,0.63,1.9,3.5,6,0.732,66.7
SUP-00230,Cooper Industries 0230,Logistics,China,2023-12-05,5.5,2,0.726,1.8,0.0299,2665,0.872,0.0603,6.0,684,0.95,1.85,3.4,1.7,3,0.575,84.9
SUP-00231,Krusty Supply Co 0231,Machinery,Turkey,2018-09-07,13.1,1,0.775,1.6,0.0452,802,0.849,0.0363,12.9,740,0.42,1.66,10.1,9.2,4,0.705,78.1
SUP-00232,Umbrella Trading 0232,Electronics,Germany,2021-10-15,9.5,2,1.0,0.0,0.0,1378,1.0,0.033,12.8,835,0.52,2.76,15.2,18.6,0,1.0,100.0
SUP-00233,Hammer Solutions 0233,Chemicals,China,2019-06-23,8.9,1,0.993,0.0,0.0,9391,1.0,0.0122,0.0,850,0.11,3.54,18.4,23.0,1,1.0,100.0
SUP-00234,Vandelay Trading 0234,Electronics,Vietnam,2020-02-14,4.9,2,0.789,5.2,0.043,2765,0.79,0.0633,9.6,620,1.59,0.7,-7.2,0.5,4,0.691,76.0
SUP-00235,Aperture Manufacturing 0235,Chemicals,Germany,2021-01-08,13.7,2,0.897,0.6,0.0185,6391,0.91,0.0471,1.8,692,0.89,1.14,4.9,8.4,2,1.0,78.6
SUP-00236,Wayne Tech Partners 0236,Raw Materials,China,2020-10-05,49.3,2,0.945,8.9,0.013,2233,0.946,0.0102,9.0,773,0.84,2.38,8.4,11.3,1,0.978,93.1
SUP-00237,Globex Corp 0237,Logistics,Poland,2022-12-24,25.7,2,0.9,0.4,0.0436,614,0.934,0.1431,0.0,832,1.03,2.29,15.4,14.8,1,1.0,100.0
SUP-00238,Krusty Solutions 0238,Raw Materials,Germany,2022-08-25,3.7,3,0.865,0.9,0.05,10042,0.931,0.0506,9.7,627,1.95,1.02,5.3,5.6,3,0.814,76.7
SUP-00239,Rand Industries 0239,Machinery,Poland,2019-11-23,6.1,2,0.796,2.8,0.0553,952,0.872,0.0373,15.9,588,2.22,1.02,-1.4,0.5,4,0.764,71.1
SUP-00240,Pearson International 0240,Chemicals,USA,2023-06-09,7.5,2,0.892,0.9,0.0136,3541,0.95,0.0401,0.0,717,0.74,3.35,9.1,17.5,0,0.995,96.1
SUP-00241,Wayne Partners 0241,Electronics,India,2020-09-28,7.6,1,0.959,0.3,0.0101,1034,0.924,0.1025,10.7,654,1.38,1.75,5.1,5.1,6,0.874,76.7
SUP-00242,Aperture Industries 0242,Packaging,India,2018-12-10,8.6,2,0.86,2.5,0.0278,2673,0.909,0.044,34.6,690,1.14,1.03,1.3,1.3,3,0.852,74.1
SUP-00243,Wonka Worldwide 0243,Logistics,Brazil,2018-01-20,14.9,3,0.771,1.3,0.0238,326,0.859,0.016,0.4,695,1.42,1.5,12.7,9.4,4,0.709,79.8
SUP-00244,Soylent Worldwide 0244,Packaging,Japan,2023-09-12,15.4,2,0.837,5.1,0.0617,4117,0.836,0.1305,7.7,720,1.97,1.61,10.1,3.9,6,0.745,80.0
SUP-00245,Wonka Partners 0245,Electronics,India,2018-01-25,7.0,1,0.906,0.5,0.0311,584,0.937,0.1419,8.7,675,0.87,2.41,11.1,11.8,0,0.677,86.7
SUP-00246,Black Mesa Solutions 0246,Textiles,Poland,2024-12-23,8.9,1,0.978,0.0,0.025,3386,0.904,0.0245,0.0,748,0.62,1.91,12.5,19.1,0,0.913,97.8
SUP-00247,Rand Manufacturing 0247,Logistics,Poland,2020-04-29,11.4,1,0.741,8.9,0.0199,778,0.863,0.0295,17.2,660,1.49,1.31,-5.7,4.8,5,0.715,79.3
SUP-00248,Acme Trading 0248,Electronics,India,2019-10-09,9.0,1,0.909,0.3,0.0022,2579,0.987,0.0349,18.5,797,0.05,2.6,13.9,10.0,1,1.0,93.3
SUP-00249,Initech Systems 0249,Logistics,Brazil,2020-04-26,8.6,2,0.84,2.3,0.0945,4001,0.874,0.1377,3.4,673,0.72,1.78,9.9,6.2,5,0.838,78.6
SUP-00250,Yutani Worldwide 0250,Machinery,USA,2021-09-27,9.9,2,1.0,0.0,0.0071,1584,0.995,0.0679,0.6,850,0.05,2.71,17.4,13.7,0,0.868,96.8
SUP-00251,Umbrella Solutions 0251,Food,Turkey,2022-06-27,4.7,2,0.846,2.9,0.0354,3385,0.854,0.1175,7.1,626,1.66,0.97,1.0,0.5,3,0.705,80.5
SUP-00252,Pearson Worldwide 0252,Electronics,Brazil,2018-01-27,13.9,2,0.924,3.6,0.0383,4698,0.901,0.0577,16.2,670,1.69,1.06,8.6,7.5,4,0.903,72.7
SUP-00253,Cyberdyne Trading 0253,Food,Vietnam,2022-06-19,7.5,2,0.923,6.1,0.0039,3084,0.977,0.0566,0.0,758,1.17,2.31,9.4,11.6,1,0.845,98.7
SUP-00254,Hammer Logistics 0254,Chemicals,China,2018-01-20,7.9,2,0.855,7.1,0.0336,871,0.874,0.0339,5.9,670,2.07,0.73,2.8,5.7,5,0.799,80.8
SUP-00255,Summit Supply Co 0255,Textiles,Brazil,2022-08-03,24.6,3,0.846,1.1,0.0292,2983,0.94,0.043,2.6,723,0.41,1.51,-3.1,7.5,0,0.847,89.2
SUP-00256,Cyberdyne Group 0256,Raw Materials,Mexico,2022-04-11,15.0,3,0.946,0.0,0.0283,1373,0.992,0.1032,0.9,798,0.05,1.23,20.5,17.5,2,0.9,84.1
SUP-00257,Genco Partners 0257,Textiles,China,2018-01-09,17.4,3,0.833,8.3,0.0194,446,0.888,0.0677,0.0,642,0.6,2.2,5.7,7.9,1,0.791,91.6
SUP-00258,Aperture Worldwide 0258,Electronics,Mexico,2021-02-04,19.2,1,0.903,3.3,0.02,3346,0.903,0.1449,5.2,701,1.48,1.06,-8.2,4.1,6,0.877,84.7
SUP-00259,Wayne Tech Systems 0259,Food,Germany,2022-12-01,15.1,3,0.908,0.8,0.0193,967,0.95,0.0886,20.7,729,1.39,2.0,6.9,8.6,1,0.814,80.2
SUP-00260,Hardman Worldwide 0260,Textiles,Mexico,2020-09-01,17.5,2,0.849,0.2,0.0469,3829,0.901,0.0251,0.8,714,0.05,1.47,4.5,8.7,2,0.756,91.8
SUP-00261,Massive Dynamic Supply Co 0261,Packaging,Poland,2021-04-26,15.1,3,0.849,3.0,0.0318,1506,0.888,0.0584,19.4,716,1.22,1.42,7.3,5.9,2,0.976,89.4
SUP-00262,Krusty Group 0262,Food,Turkey,2020-05-08,5.1,3,0.9,1.0,0.0139,411,0.998,0.0439,0.5,733,0.05,1.68,10.7,13.2,0,0.852,92.1
SUP-00263,Bugle Supply Co 0263,Packaging,Brazil,2020-03-25,26.1,1,0.881,1.9,0.024,603,0.861,0.0247,9.5,601,1.95,0.23,-2.9,4.0,2,0.822,72.8
SUP-00264,Wayne Worldwide 0264,Logistics,Vietnam,2018-11-20,13.0,1,1.0,0.1,0.0106,2469,0.928,0.0169,9.7,705,0.59,0.67,2.7,7.9,1,0.901,79.4
SUP-00265,Nakatomi International 0265,Electronics,India,2018-08-23,17.8,2,0.847,5.2,0.0381,818,0.858,0.0472,5.5,654,1.23,1.49,2.9,4.2,7,0.821,80.7
SUP-00266,Hammer Logistics 0266,Chemicals,USA,2020-08-27,8.7,3,0.811,0.1,0.0407,1865,0.942,0.025,0.3,694,0.48,1.64,12.3,12.8,1,0.832,92.1
SUP-00267,Krusty Manufacturing 0267,Packaging,Poland,2018-09-11,9.1,3,0.9,5.6,0.0343,449,0.828,0.0542,6.9,592,1.46,1.32,6.8,0.5,4,0.684,79.6
SUP-00268,Krusty Industries 0268,Chemicals,China,2023-01-20,13.6,1,0.764,11.4,0.0253,1201,0.832,0.0359,15.8,581,2.02,0.3,-15.4,0.5,2,0.651,66.9
SUP-00269,Nakatomi Holdings 0269,Electronics,Turkey,2021-01-22,13.5,1,0.943,12.3,0.028,4077,0.836,0.0278,34.8,713,2.33,1.38,4.6,4.0,0,0.597,71.7
SUP-00270,Cooper Partners 0270,Logistics,Mexico,2018-07-31,14.4,1,0.876,2.3,0.0252,1201,0.918,0.0591,0.0,689,1.25,2.06,1.0,10.5,1,0.85,77.4
SUP-00271,Weyland Limited 0271,Textiles,Germany,2019-11-27,7.7,2,0.936,3.1,0.0417,909,0.947,0.0354,7.3,659,0.46,2.46,0.9,8.0,1,1.0,89.7
SUP-00272,LexCorp Worldwide 0272,Food,Japan,2022-10-15,22.7,3,0.746,10.1,0.0398,6303,0.842,0.0626,6.7,657,1.32,0.85,4.5,4.2,6,0.728,96.1
SUP-00273,Rand LLC 0273,Packaging,Mexico,2023-10-25,16.4,2,0.826,0.6,0.027,9574,0.949,0.0287,31.8,715,0.18,1.75,9.5,11.6,1,0.957,82.7
SUP-00274,Vertex Worldwide 0274,Chemicals,Poland,2024-02-21,10.9,1,1.0,1.6,0.0715,2769,0.851,0.0438,1.1,707,1.22,1.58,0.3,4.1,2,0.819,79.0
SUP-00275,Sterling Group 0275,Textiles,Japan,2018-09-21,12.4,1,0.665,3.7,0.0603,1695,0.773,0.0841,17.7,616,1.1,1.1,-1.7,2.3,6,0.708,73.4
SUP-00276,Roxxon International 0276,Textiles,Vietnam,2024-05-08,4.5,2,0.94,2.5,0.0414,7893,0.919,0.0776,0.0,729,0.95,1.61,3.6,18.8,0,1.0,91.4
SUP-00277,Krusty Worldwide 0277,Food,USA,2018-02-08,9.7,1,0.945,3.1,0.0142,1850,0.983,0.0284,0.0,774,0.05,2.19,14.4,13.3,0,1.0,100.0
SUP-00278,Krusty Trading 0278,Raw Materials,Brazil,2022-12-12,5.2,3,0.743,3.2,0.0352,21353,0.877,0.0445,16.3,724,0.84,1.12,6.8,11.3,1,0.872,90.4
SUP-00279,Rand LLC 0279,Food,Vietnam,2021-03-02,14.8,2,0.852,0.5,0.008,4325,0.895,0.0723,10.9,630,0.85,1.09,1.8,9.9,4,0.748,79.5
SUP-00280,Vertex Holdings 0280,Raw Materials,Germany,2022-05-05,14.1,2,0.925,5.6,0.0173,20047,1.0,0.0247,4.0,850,0.76,2.89,12.8,16.2,1,1.0,91.3
SUP-00281,Hammer Holdings 0281,Machinery,Mexico,2019-07-24,13.2,1,0.722,7.9,0.0291,2121,0.844,0.1488,7.1,662,1.58,0.86,-1.4,3.7,8,0.688,71.0
SUP-00282,Soylent Limited 0282,Food,India,2020-02-13,18.7,1,0.897,5.1,0.0092,1864,0.965,0.022,16.5,663,1.29,1.49,0.2,3.3,1,0.755,78.8
SUP-00283,Massive Dynamic Corp 0283,Raw Materials,Turkey,2023-12-26,14.1,2,0.971,0.0,0.0139,15733,0.984,0.0231,0.7,744,0.26,1.89,9.5,11.9,1,0.946,88.2
SUP-00284,Dunder Group 0284,Raw Materials,Germany,2023-08-29,14.9,2,1.0,0.0,0.0008,2728,0.97,0.0447,0.0,813,0.37,2.98,13.3,15.8,0,1.0,100.0
SUP-00285,Pied Piper International 0285,Packaging,India,2024-06-12,25.6,1,0.848,3.0,0.0291,1034,0.949,0.027,7.7,663,0.86,0.73,8.6,7.6,0,0.817,75.1
SUP-00286,Cooper Corp 0286,Textiles,India,2021-09-25,7.1,2,0.975,2.1,0.0226,10887,0.959,0.0606,10.7,780,1.33,1.83,7.4,9.2,2,0.953,89.0
SUP-00287,Dunder Corp 0287,Packaging,Brazil,2020-07-13,2.4,2,0.792,2.7,0.017,2182,0.913,0.0641,20.1,633,0.72,1.46,-4.0,3.0,7,0.849,72.6
SUP-00288,Globex Supply Co 0288,Packaging,India,2022-10-09,15.8,2,0.818,0.0,0.0235,10940,1.0,0.0906,0.0,770,0.14,2.27,10.9,15.4,2,0.992,96.6
SUP-00289,Acme Holdings 0289,Raw Materials,Brazil,2024-06-23,13.2,2,0.929,0.6,0.0199,4004,0.961,0.0312,7.7,799,0.68,1.99,13.3,14.2,1,1.0,100.0
SUP-00290,Black Mesa Limited 0290,Raw Materials,Mexico,2022-01-02,12.7,3,0.773,7.5,0.0163,2654,0.936,0.0093,4.5,638,1.15,1.17,0.2,3.6,12,0.892,88.1
SUP-00291,Massive Dynamic LLC 0291,Machinery,Mexico,2021-05-22,6.6,3,1.0,0.0,0.0111,1165,0.967,0.0392,0.0,819,0.39,1.98,6.0,11.6,2,0.992,96.5
SUP-00292,Planet Manufacturing 0292,Electronics,India,2019-01-27,9.3,1,0.827,1.3,0.0316,932,0.828,0.1094,17.1,586,1.78,0.41,-2.6,0.5,3,0.885,73.8
SUP-00293,Hardman Partners 0293,Logistics,Japan,2020-08-30,6.1,3,0.888,2.5,0.0247,6627,0.889,0.0144,0.4,747,1.14,1.45,13.1,9.8,0,0.8,78.2
SUP-00294,Cortex Corp 0294,Packaging,Turkey,2023-09-24,4.3,2,0.96,0.0,0.0109,3065,0.977,0.0266,3.6,700,1.57,2.01,4.9,8.5,1,0.929,90.6
SUP-00295,Hooli Holdings 0295,Machinery,China,2021-09-30,9.6,2,0.909,17.3,0.0205,1036,0.897,0.0411,1.1,709,0.56,1.62,1.2,14.8,1,0.809,91.3
SUP-00296,Cortex Trading 0296,Raw Materials,China,2024-10-25,5.2,2,0.99,0.0,0.0358,980,1.0,0.0738,0.0,829,0.05,2.22,19.4,22.9,1,1.0,100.0
SUP-00297,Vortex Logistics 0297,Food,Mexico,2023-02-05,8.5,3,0.671,1.3,0.0654,1134,0.853,0.0577,18.0,634,0.82,0.33,3.9,0.5,5,0.652,84.6
SUP-00298,Pearson Partners 0298,Raw Materials,Mexico,2022-09-14,15.4,2,1.0,0.0,0.0107,38015,1.0,0.0544,0.8,848,0.13,2.03,7.3,19.4,2,1.0,100.0
SUP-00299,Black Mesa Manufacturing 0299,Machinery,Germany,2018-09-02,4.1,2,0.792,12.2,0.0236,2532,0.892,0.0559,11.3,658,0.93,1.66,1.9,7.6,7,0.848,72.4
SUP-00300,Hooli Partners 0300,Raw Materials,Germany,2023-08-05,18.4,2,1.0,3.1,0.0,1904,0.963,0.0882,0.2,826,0.72,2.69,9.6,13.6,0,1.0,96.0
SUP-00301,Pinnacle International 0301,Logistics,Japan,2024-01-23,7.9,1,0.744,2.1,0.0328,855,0.881,0.0423,10.3,594,0.05,1.53,-0.3,0.5,3,0.812,93.1
SUP-00302,Roxxon Worldwide 0302,Chemicals,Germany,2019-03-25,7.1,2,0.711,4.0,0.0364,1163,0.921,0.0539,9.1,652,1.57,1.59,0.7,0.9,2,0.772,80.8
SUP-00303,Gringotts Worldwide 0303,Raw Materials,India,2021-09-27,20.5,3,0.673,5.2,0.0371,1164,0.853,0.1344,9.7,628,1.43,0.29,7.6,7.1,1,0.749,93.3
SUP-00304,Rand Partners 0304,Chemicals,Poland,2020-04-07,19.4,3,0.816,0.4,0.0182,1402,1.0,0.0453,0.0,748,0.69,1.45,9.3,14.8,2,0.947,89.4
SUP-00305,Wayne Group 0305,Chemicals,USA,2023-09-27,15.8,2,0.879,5.3,0.0109,2163,0.912,0.0462,0.3,767,0.83,1.46,0.6,7.2,1,1.0,87.6
SUP-00306,Weyland Industries 0306,Food,China,2022-12-06,10.6,2,0.87,18.1,0.0139,946,0.906,0.0483,6.7,707,1.13,1.28,0.3,8.6,2,0.926,78.6
SUP-00307,Dunder Partners 0307,Packaging,Vietnam,2018-04-04,31.5,2,0.875,1.7,0.0246,4993,0.99,0.0362,8.0,701,0.42,1.93,6.6,17.2,1,0.95,97.3
SUP-00308,Queen LLC 0308,Electronics,Vietnam,2022-09-30,6.3,3,0.879,13.6,0.0263,933,0.921,0.0321,3.0,687,0.73,1.95,9.8,10.9,1,0.824,100.0
SUP-00309,Daily Corp 0309,Food,India,2021-06-05,4.6,1,0.865,0.9,0.0598,1862,0.89,0.0762,0.9,763,0.88,2.36,10.0,7.7,2,0.78,83.3
SUP-00310,Mifflin Systems 0310,Electronics,Germany,2021-04-13,11.5,1,0.836,1.0,0.0644,7287,0.952,0.0931,1.7,689,1.0,1.97,5.3,3.5,4,0.711,83.7
SUP-00311,Pinnacle LLC 0311,Food,India,2024-09-27,13.1,2,0.93,0.9,0.0373,5931,0.867,0.0754,0.0,719,0.59,3.12,-1.1,14.7,3,0.931,97.3
SUP-00312,Daily Corp 0312,Packaging,Germany,2020-12-28,34.8,2,0.844,24.9,0.0127,693,0.897,0.0671,3.1,691,1.29,1.41,-1.6,8.5,5,1.0,83.6
SUP-00313,Cooper Worldwide 0313,Machinery,USA,2024-12-09,14.9,2,0.854,5.7,0.0248,617,0.889,0.0938,4.3,755,1.47,1.81,10.6,10.9,5,0.833,76.6
SUP-00314,Cyberdyne Partners 0314,Raw Materials,Japan,2022-02-16,5.1,3,0.826,1.7,0.0289,1405,0.959,0.0507,0.0,735,1.05,2.26,8.9,9.2,2,0.987,93.0
SUP-00315,Wonka Worldwide 0315,Textiles,Vietnam,2023-03-18,10.5,2,0.807,3.6,0.044,1198,0.796,0.0618,23.1,646,1.24,1.12,-7.1,0.5,5,0.827,74.7
SUP-00316,Wonka Corp 0316,Food,India,2024-03-18,27.9,2,0.833,3.8,0.047,6076,0.831,0.0617,18.0,667,2.23,1.66,-3.4,4.5,4,0.726,73.8
SUP-00317,Wayne Group 0317,Textiles,Poland,2020-01-03,11.8,2,0.878,0.9,0.0227,4280,0.932,0.018,0.0,698,0.25,2.03,6.2,13.7,1,1.0,89.8
SUP-00318,Daily Industries 0318,Raw Materials,Japan,2019-06-10,4.5,1,0.956,0.1,0.0158,1805,0.995,0.0193,6.1,743,0.68,1.88,9.2,7.4,1,0.89,88.4
SUP-00319,Zenith Logistics 0319,Textiles,China,2020-01-07,10.1,3,0.817,3.6,0.04,2086,0.938,0.0632,17.4,731,1.27,1.86,5.1,6.0,4,0.834,75.9
SUP-00320,Mifflin Limited 0320,Logistics,Turkey,2019-08-01,5.4,1,0.852,11.3,0.0156,6508,0.957,0.0119,5.7,697,1.66,0.74,-3.6,0.7,5,0.718,80.9
SUP-00321,Cyberdyne Industries 0321,Logistics,China,2021-06-15,10.8,2,0.839,2.8,0.0175,4097,0.959,0.0125,1.4,712,0.9,2.33,3.4,15.4,0,0.918,94.1
SUP-00322,Nakatomi Industries 0322,Electronics,Brazil,2024-08-12,3.0,1,0.868,5.8,0.0369,962,0.893,0.0474,11.5,592,0.94,1.34,-1.6,5.0,1,0.752,68.9
SUP-00323,Hardman Holdings 0323,Machinery,China,2019-09-30,7.2,1,0.914,6.2,0.0058,1615,1.0,0.0485,0.0,833,1.11,2.52,12.5,15.5,2,1.0,87.5
SUP-00324,Zenith Supply Co 0324,Food,India,2019-07-15,14.9,2,0.946,0.2,0.0695,790,0.897,0.0684,4.4,762,0.74,2.19,18.3,16.8,1,1.0,93.2
SUP-00325,Weyland Corp 0325,Chemicals,USA,2019-10-25,18.6,2,0.786,6.2,0.0227,2460,0.93,0.0623,5.1,672,0.24,2.05,13.6,9.4,1,0.815,95.0
SUP-00326,Umbrella Holdings 0326,Textiles,Vietnam,2024-01-22,8.5,1,0.865,5.5,0.0122,1772,0.948,0.0331,37.0,680,0.89,1.54,2.4,10.0,5,0.889,84.3
SUP-00327,Zenith Holdings 0327,Textiles,Japan,2018-03-25,10.9,2,0.95,0.5,0.0525,3467,0.9,0.0389,31.6,778,0.44,2.46,6.3,11.1,1,0.989,93.5
SUP-00328,Wayne Supply Co 0328,Electronics,Germany,2024-02-08,30.7,2,0.991,0.0,0.0449,3480,0.943,0.0547,9.5,770,0.92,1.63,11.0,7.1,1,0.871,90.0
SUP-00329,Daily Group 0329,Chemicals,Turkey,2021-01-15,32.8,3,0.896,0.6,0.0075,7759,0.972,0.021,4.9,763,0.69,2.46,16.9,15.4,0,0.939,97.2
SUP-00330,Zenith Corp 0330,Food,Japan,2019-10-23,25.5,2,0.848,5.2,0.0125,3735,0.94,0.0117,0.2,720,0.84,1.6,13.0,18.0,1,1.0,86.5
SUP-00331,LexCorp International 0331,Food,Germany,2023-11-07,24.6,2,0.759,6.2,0.0514,5984,0.806,0.0411,39.1,567,2.54,0.6,-6.9,0.5,8,0.63,63.3
SUP-00332,Queen International 0332,Raw Materials,Mexico,2020-04-06,46.8,2,0.886,11.7,0.0307,3161,0.92,0.0508,5.4,708,0.79,0.9,2.2,1.9,3,0.926,88.7
SUP-00333,Rand Group 0333,Raw Materials,USA,2021-04-11,2.8,1,1.0,0.5,0.0046,1681,0.93,0.0156,7.7,772,0.54,1.23,0.9,13.5,6,0.823,79.9
SUP-00334,Roxxon Corp 0334,Raw Materials,Mexico,2022-10-14,13.7,2,0.75,1.6,0.0418,1075,0.806,0.1138,12.7,571,1.16,0.69,-2.2,0.5,4,0.725,68.9
SUP-00335,Wayne Tech Corp 0335,Food,Brazil,2021-10-12,9.4,1,1.0,0.0,0.007,5697,0.951,0.0207,0.0,762,0.05,2.72,11.9,21.9,2,1.0,100.0
SUP-00336,Pinnacle Systems 0336,Logistics,Vietnam,2021-05-04,6.7,3,0.867,0.0,0.0473,5497,0.934,0.052,0.0,803,0.92,2.2,15.5,9.5,1,0.965,90.6
SUP-00337,Umbrella Trading 0337,Packaging,Brazil,2018-02-18,42.2,2,1.0,0.6,0.0321,3663,0.889,0.0743,11.5,769,0.54,2.78,25.3,16.1,0,1.0,92.6
SUP-00338,Gringotts Trading 0338,Electronics,Brazil,2020-10-13,38.2,2,0.729,11.7,0.0398,1102,0.891,0.036,25.1,670,1.42,1.23,1.2,0.5,2,0.685,67.1
SUP-00339,Acme Industries 0339,Textiles,Poland,2024-07-25,6.8,1,0.953,0.0,0.0049,2357,0.933,0.0412,3.6,701,1.35,2.89,7.1,14.5,2,0.966,88.3
SUP-00340,Cogswell International 0340,Machinery,Turkey,2019-10-20,20.8,2,0.939,2.6,0.039,9492,0.949,0.07,18.5,790,0.98,2.68,14.6,9.9,1,0.991,88.1
SUP-00341,Weyland Supply Co 0341,Electronics,China,2024-02-08,4.4,2,0.951,1.4,0.041,312,0.975,0.0913,21.1,794,0.25,1.87,11.7,14.2,1,0.897,90.3
SUP-00342,Sterling Limited 0342,Textiles,Brazil,2022-07-19,2.4,2,0.807,1.3,0.0355,4499,0.934,0.0668,3.6,673,0.92,0.86,-2.9,3.3,5,0.71,68.9
SUP-00343,Oscorp Industries 0343,Food,Germany,2019-07-30,4.7,3,0.9,0.5,0.0123,1851,1.0,0.0869,6.1,726,0.59,1.41,17.0,15.2,1,1.0,96.2
SUP-00344,Bugle Trading 0344,Logistics,Germany,2018-07-18,17.3,1,0.875,1.0,0.0112,2673,0.887,0.0209,5.6,712,0.96,0.68,6.7,11.4,3,0.786,72.4
SUP-00345,Umbrella Industries 0345,Raw Materials,China,2024-07-21,21.4,3,0.874,6.0,0.0366,12397,0.888,0.0732,8.0,668,2.98,1.12,-1.4,0.5,7,0.596,83.0
SUP-00346,Wonka International 0346,Food,Japan,2020-05-10,30.5,2,0.745,3.7,0.0417,2414,0.832,0.032,8.7,718,1.67,1.38,-8.1,6.1,4,0.771,69.7
SUP-00347,Hardman Systems 0347,Packaging,Vietnam,2024-10-30,14.4,1,0.716,3.0,0.0088,10316,0.91,0.0288,2.7,680,2.15,1.27,3.8,4.1,5,0.644,66.5
SUP-00348,Yutani Group 0348,Packaging,Brazil,2024-02-27,6.1,1,0.969,0.7,0.0152,10577,0.886,0.0412,25.4,686,0.84,1.4,-0.6,4.6,5,0.887,79.3
SUP-00349,Roxxon Systems 0349,Raw Materials,Mexico,2018-06-17,5.0,2,0.871,5.2,0.0064,8763,0.906,0.0072,3.6,723,1.09,1.65,3.6,8.7,2,0.82,86.8
SUP-00350,Cogswell Worldwide 0350,Packaging,Mexico,2023-10-24,8.4,2,0.744,2.6,0.0145,977,0.857,0.0358,3.5,663,1.56,0.95,-4.3,2.7,8,0.637,76.5
SUP-00351,LexCorp Manufacturing 0351,Raw Materials,Vietnam,2023-02-18,20.4,2,0.9,1.0,0.0177,12025,1.0,0.0507,2.2,785,0.08,1.69,12.8,12.7,0,0.917,83.6
SUP-00352,Initech Group 0352,Logistics,India,2018-10-09,11.4,2,0.889,2.6,0.0124,12476,0.922,0.057,5.2,721,0.96,1.65,2.5,5.6,1,0.991,95.3
SUP-00353,Mifflin Solutions 0353,Food,Brazil,2023-10-17,6.8,2,0.902,0.4,0.027,16959,0.888,0.0605,3.4,652,0.96,2.12,3.6,15.8,0,0.961,79.8
SUP-00354,Vortex Systems 0354,Electronics,Brazil,2024-09-23,15.2,3,0.839,3.6,0.0447,3007,0.812,0.0887,7.7,628,0.95,1.05,-4.1,0.5,5,0.776,69.2
SUP-00355,Globex Logistics 0355,Electronics,Japan,2024-02-19,14.9,3,0.87,3.3,0.0261,4402,0.898,0.0471,4.5,704,1.98,1.91,-0.6,5.5,6,0.819,84.9
SUP-00356,Weyland Holdings 0356,Machinery,Japan,2024-12-05,15.1,1,0.876,3.6,0.0092,2679,0.949,0.0095,22.5,695,1.31,1.4,-0.9,8.0,3,0.949,87.3
SUP-00357,Zenith Solutions 0357,Food,Brazil,2024-11-28,1.9,1,0.858,2.7,0.0141,7287,0.898,0.0229,9.5,666,0.29,2.75,10.1,14.0,0,0.821,89.1
SUP-00358,Oscorp Group 0358,Textiles,Germany,2023-04-27,15.4,1,0.811,4.8,0.1121,6618,0.831,0.0946,13.7,699,0.64,0.93,1.6,4.0,8,0.69,81.4
SUP-00359,Initech Industries 0359,Logistics,China,2018-07-08,25.2,3,0.952,0.0,0.0146,13261,0.996,0.1147,9.4,850,0.05,2.73,13.2,15.5,1,0.962,96.9
SUP-00360,Planet Limited 0360,Machinery,Poland,2021-08-24,5.3,3,0.946,5.7,0.0614,6396,0.896,0.082,4.7,695,1.06,1.04,-2.4,0.5,3,0.996,84.0
SUP-00361,Hammer Group 0361,Food,Brazil,2023-06-14,5.2,2,0.889,3.2,0.0388,8990,0.882,0.0571,4.9,626,0.87,1.73,-8.1,6.1,6,0.757,87.0
SUP-00362,Bluth Systems 0362,Raw Materials,Turkey,2018-11-06,6.4,2,0.935,0.2,0.0093,2353,0.963,0.0206,9.1,702,0.24,1.64,10.2,18.0,1,1.0,85.8
SUP-00363,Aperture Partners 0363,Chemicals,Brazil,2022-11-26,3.9,1,0.662,3.2,0.0235,779,0.958,0.0708,5.7,681,1.41,0.46,-6.4,0.5,2,0.755,66.9
SUP-00364,Wayne LLC 0364,Machinery,Vietnam,2020-11-10,13.1,3,1.0,0.0,0.0173,8578,0.926,0.0392,6.3,799,0.83,2.93,16.0,15.9,0,0.977,100.0
SUP-00365,Tyrell Systems 0365,Machinery,Turkey,2024-11-20,10.8,2,0.832,0.8,0.0255,860,0.934,0.0194,21.1,719,1.7,1.26,-0.3,8.1,3,0.899,78.2
SUP-00366,Gringotts Logistics 0366,Raw Materials,Poland,2020-11-19,8.5,3,0.824,1.2,0.0288,4537,0.963,0.0479,7.0,619,0.87,2.2,14.3,13.6,1,0.843,92.0
SUP-00367,Compu Manufacturing 0367,Textiles,Japan,2021-04-25,6.8,2,0.915,5.8,0.0272,1834,0.886,0.089,13.2,638,2.18,1.58,-2.8,0.5,4,0.753,73.5
SUP-00368,Umbrella LLC 0368,Textiles,Vietnam,2021-01-27,5.5,2,0.861,10.8,0.0163,1910,1.0,0.0406,10.6,822,0.42,1.8,12.0,12.5,0,0.851,92.2
SUP-00369,Acme Worldwide 0369,Chemicals,Japan,2023-05-12,6.0,1,0.797,3.2,0.0459,6694,0.87,0.0426,10.3,699,0.88,1.21,8.9,0.5,4,0.771,83.2
SUP-00370,Gringotts Holdings 0370,Logistics,Mexico,2020-12-05,10.8,1,1.0,0.9,0.0014,3839,1.0,0.0381,0.0,826,0.05,3.45,18.6,19.0,3,1.0,99.5
SUP-00371,Wayne Tech Systems 0371,Textiles,Germany,2021-04-13,28.0,2,1.0,0.3,0.0174,2760,0.911,0.0132,14.2,767,1.42,1.92,17.6,13.4,1,0.932,91.4
SUP-00372,Pym Trading 0372,Textiles,China,2023-01-24,8.1,2,0.945,1.4,0.0287,4546,0.881,0.0838,6.5,620,2.16,0.26,-1.4,0.5,6,0.527,84.3
SUP-00373,Black Mesa Corp 0373,Textiles,USA,2021-02-17,17.0,1,0.945,2.0,0.0085,1571,0.997,0.0336,2.1,729,0.51,1.71,13.0,10.1,0,0.897,88.1
SUP-00374,Aperture Supply Co 0374,Packaging,Japan,2023-11-24,4.0,3,0.955,0.7,0.0112,5468,0.933,0.0178,0.0,831,0.05,1.95,19.2,7.3,0,1.0,100.0
SUP-00375,Compu Holdings 0375,Machinery,USA,2021-11-16,12.6,3,0.924,2.0,0.015,5721,0.947,0.0202,1.0,696,0.38,2.31,7.2,8.4,0,0.844,89.8
SUP-00376,Vortex Limited 0376,Chemicals,Brazil,2023-06-23,14.6,3,0.626,2.7,0.0375,1955,0.838,0.0343,13.1,633,2.24,0.73,-8.9,3.5,3,0.685,60.7
SUP-00377,Dunder LLC 0377,Packaging,USA,2021-10-09,14.3,3,0.892,1.4,0.0346,2739,0.881,0.136,5.4,800,0.77,2.38,16.7,12.9,2,0.886,99.6
SUP-00378,Soylent Manufacturing 0378,Machinery,India,2020-08-19,3.0,2,0.925,1.0,0.0364,625,0.871,0.0463,6.6,639,0.57,0.32,5.3,0.5,4,0.735,77.0
SUP-00379,Apex Worldwide 0379,Chemicals,Germany,2020-04-06,17.6,1,0.921,2.5,0.0133,776,0.956,0.0397,6.1,642,0.26,1.96,0.2,7.7,3,0.828,84.8
SUP-00380,Black Mesa Industries 0380,Logistics,USA,2021-05-25,4.2,1,0.956,0.0,0.0418,4664,0.99,0.0566,9.6,765,0.66,1.47,0.2,12.3,0,0.88,87.2
SUP-00381,Apex Holdings 0381,Chemicals,Japan,2024-01-27,6.9,3,0.774,3.0,0.0057,6930,1.0,0.1346,9.3,831,0.3,2.55,10.5,18.1,0,1.0,100.0
SUP-00382,Globex Trading 0382,Food,Vietnam,2019-09-19,2.7,1,0.917,0.4,0.0102,2932,1.0,0.0397,4.0,807,0.05,2.72,15.8,20.7,0,1.0,100.0
SUP-00383,Vortex Worldwide 0383,Chemicals,China,2022-08-28,5.0,1,1.0,0.9,0.0372,1821,0.902,0.0314,5.1,694,0.19,2.41,7.7,10.2,1,0.899,93.3
SUP-00384,Zenith Supply Co 0384,Food,Germany,2022-04-19,22.0,3,0.847,7.5,0.015,1912,0.915,0.0527,1.4,783,0.14,1.87,8.6,12.3,2,0.963,89.7
SUP-00385,Pied Piper Manufacturing 0385,Electronics,Mexico,2024-05-23,13.9,2,0.727,2.9,0.0196,14290,0.905,0.0422,6.8,632,1.46,0.58,-3.5,0.5,5,0.666,80.7
SUP-00386,Pearson Logistics 0386,Machinery,Mexico,2022-08-07,18.7,3,0.986,0.0,0.0432,1261,0.902,0.0345,2.1,814,0.61,3.05,12.9,18.3,0,1.0,94.1
SUP-00387,Wonka Supply Co 0387,Textiles,Turkey,2018-03-01,10.3,1,0.831,2.0,0.0372,6558,0.918,0.0854,1.3,803,0.48,1.84,12.3,15.6,2,1.0,87.1
SUP-00388,Wayne Tech Partners 0388,Machinery,Japan,2024-03-16,8.4,2,0.843,2.7,0.0318,655,0.953,0.0642,4.5,670,0.96,1.61,12.7,10.0,1,1.0,83.5
SUP-00389,Compu Limited 0389,Chemicals,China,2024-12-27,4.0,2,0.784,5.5,0.0577,450,0.895,0.0438,2.1,667,0.88,1.54,5.5,7.4,3,0.828,98.8
SUP-00390,Nakatomi Solutions 0390,Food,USA,2018-01-14,34.2,1,0.849,3.8,0.081,10223,0.952,0.0719,18.4,717,0.88,1.44,4.1,8.0,4,0.862,87.6
SUP-00391,Bugle Worldwide 0391,Machinery,Vietnam,2019-09-12,16.1,1,0.907,13.4,0.0192,1317,0.952,0.0295,7.2,721,1.0,1.94,15.7,12.8,4,0.704,83.1
SUP-00392,Apex Trading 0392,Textiles,Poland,2019-10-21,14.8,2,0.65,2.9,0.0215,1236,0.834,0.0802,11.1,446,2.59,0.23,-11.3,0.5,3,0.593,61.0
SUP-00393,Massive Dynamic Group 0393,Food,India,2020-04-18,17.4,1,0.775,3.3,0.023,4402,0.946,0.1058,6.2,662,1.41,1.75,5.4,3.1,4,0.725,76.5
SUP-00394,Wonka Logistics 0394,Raw Materials,USA,2023-11-10,4.9,3,0.758,1.8,0.0374,6600,0.909,0.081,28.1,598,1.96,1.52,-6.4,6.4,3,0.809,74.5
SUP-00395,Zenith Solutions 0395,Electronics,Mexico,2023-11-16,10.4,2,0.839,6.0,0.0248,1146,0.853,0.0726,2.0,730,1.58,1.37,2.9,13.7,0,0.791,90.9
SUP-00396,Mifflin Holdings 0396,Chemicals,Brazil,2021-03-09,14.3,2,0.746,4.9,0.0208,7223,0.86,0.0527,20.7,589,1.47,0.67,-8.0,0.5,5,0.781,71.0
SUP-00397,Bugle Logistics 0397,Electronics,Turkey,2018-03-07,11.0,3,0.973,0.0,0.0084,43950,0.968,0.0145,0.0,845,0.05,2.89,20.8,19.8,1,1.0,100.0
SUP-00398,Duff Supply Co 0398,Machinery,China,2021-03-08,10.5,1,1.0,2.2,0.0299,5708,0.939,0.035,1.5,720,1.26,2.62,6.7,10.9,0,0.903,95.7
SUP-00399,Rand Supply Co 0399,Raw Materials,Japan,2024-12-27,6.7,2,0.987,0.3,0.0278,2840,0.848,0.0467,10.1,714,1.48,1.94,12.8,4.9,5,0.711,83.6
SUP-00400,Queen Systems 0400,Textiles,Germany,2019-05-02,21.9,3,0.893,7.2,0.0622,3518,0.95,0.1188,11.2,788,0.05,1.91,11.8,13.6,0,0.871,85.9
SUP-00401,Vortex Systems 0401,Packaging,Germany,2023-01-21,3.0,2,0.87,1.5,0.0185,2626,0.936,0.0414,10.7,684,1.57,2.19,1.2,9.4,1,0.908,78.3
SUP-00402,Weyland Worldwide 0402,Raw Materials,Japan,2022-04-26,5.7,3,0.862,3.0,0.0091,988,0.959,0.0446,4.8,744,0.2,1.17,3.0,14.0,1,0.864,89.9
SUP-00403,Bluth Industries 0403,Chemicals,India,2023-03-07,6.0,1,0.786,1.4,0.0552,2088,0.823,0.0408,6.0,713,1.11,2.0,2.2,3.6,4,0.772,72.0
SUP-00404,Hooli Manufacturing 0404,Packaging,India,2023-06-17,13.5,2,0.79,7.6,0.0583,5097,0.83,0.0498,12.1,609,2.06,0.93,4.5,6.3,2,0.659,80.5
SUP-00405,Pearson Limited 0405,Textiles,Mexico,2024-03-19,14.2,2,0.867,6.9,0.0098,2920,0.956,0.0448,0.0,756,0.51,2.59,12.4,14.9,1,0.814,85.7
SUP-00406,Yutani International 0406,Packaging,Vietnam,2023-03-21,11.3,3,0.787,3.3,0.0493,2324,0.828,0.0721,12.9,577,2.03,1.0,-4.5,0.5,10,0.7,74.9
SUP-00407,Queen LLC 0407,Machinery,Japan,2021-04-29,9.1,2,0.882,5.4,0.0473,3509,0.95,0.1063,0.0,772,0.69,2.2,14.8,15.1,0,0.903,85.0
SUP-00408,Soylent Trading 0408,Food,India,2023-01-29,10.8,2,0.843,4.0,0.0206,2137,0.968,0.1078,8.0,640,0.15,0.76,6.2,7.2,5,0.804,88.8
SUP-00409,Pearson Systems 0409,Food,USA,2024-10-05,30.6,2,0.792,1.3,0.013,1214,0.967,0.0642,0.0,734,0.34,2.33,9.7,14.0,0,0.934,89.5
SUP-00410,Oscorp Holdings 0410,Raw Materials,Brazil,2020-11-05,8.8,3,0.725,1.3,0.0242,11369,0.876,0.0138,1.8,739,0.79,0.81,-0.7,6.2,3,0.834,83.0
SUP-00411,Krusty Supply Co 0411,Food,Poland,2019-01-17,8.3,2,0.75,1.9,0.0376,1503,0.792,0.0494,7.9,532,2.47,0.2,-10.3,0.5,2,0.78,64.1
SUP-00412,Gringotts Holdings 0412,Food,Japan,2018-08-30,19.9,2,0.669,2.5,0.0366,3206,0.87,0.1144,6.7,595,1.25,1.33,-6.5,0.5,4,0.615,72.2
SUP-00413,Hooli Partners 0413,Food,Mexico,2021-05-17,14.7,1,0.862,0.5,0.0382,2839,0.916,0.0847,7.0,664,1.45,1.42,4.8,10.2,9,0.922,77.7
SUP-00414,Duff Limited 0414,Machinery,Brazil,2019-05-28,3.4,2,0.911,1.0,0.02,6414,0.989,0.0523,18.8,736,1.26,1.29,-4.7,10.5,5,0.826,81.9
SUP-00415,Roxxon LLC 0415,Electronics,China,2019-02-26,26.0,3,0.83,8.1,0.0271,1614,0.906,0.0485,2.5,745,1.15,1.58,-3.7,4.3,0,0.787,74.1
SUP-00416,Pinnacle Logistics 0416,Chemicals,Vietnam,2022-01-20,10.7,2,0.864,4.8,0.0282,2807,0.891,0.0385,5.3,654,2.21,0.97,-2.8,7.8,2,0.703,76.7
SUP-00417,Aperture LLC 0417,Logistics,Mexico,2021-09-22,6.9,1,0.911,10.6,0.0086,2261,0.92,0.0472,0.3,624,1.57,1.81,-7.0,8.6,1,0.692,83.6
SUP-00418,Pinnacle Systems 0418,Food,Mexico,2019-08-19,21.4,2,0.765,3.4,0.0446,1744,0.866,0.0307,8.6,660,1.29,0.53,-11.7,0.5,2,0.695,71.6
SUP-00419,Queen Solutions 0419,Logistics,Germany,2023-03-13,17.1,1,0.91,0.7,0.01,1290,0.949,0.022,4.0,656,0.05,1.57,-3.6,1.7,4,0.753,81.0
SUP-00420,Cogswell LLC 0420,Electronics,India,2023-09-11,7.3,3,0.844,0.3,0.0276,17254,0.873,0.0411,7.6,701,1.36,2.3,5.0,4.5,0,0.834,95.7
SUP-00421,Duff Limited 0421,Chemicals,Brazil,2023-10-05,4.3,2,0.927,4.1,0.0208,3630,0.939,0.0236,9.1,760,0.72,2.29,7.3,10.4,1,0.956,88.4
SUP-00422,Rand Partners 0422,Food,Brazil,2019-08-25,8.8,2,0.905,3.1,0.0109,2133,0.952,0.0112,2.7,759,1.02,2.06,14.6,12.6,3,0.941,97.0
SUP-00423,Cogswell Supply Co 0423,Machinery,Poland,2023-01-29,13.2,2,0.863,0.0,0.0285,369,0.949,0.0675,0.0,757,0.05,1.92,4.1,9.0,0,0.866,85.4
SUP-00424,Pinnacle Industries 0424,Packaging,Japan,2020-03-11,34.7,2,0.71,2.1,0.0766,8981,0.86,0.0594,16.5,578,1.96,0.97,-8.9,6.2,1,0.746,55.8
SUP-00425,Cyberdyne Trading 0425,Logistics,Brazil,2020-12-20,6.0,2,0.851,4.5,0.0313,7034,0.833,0.0786,5.4,651,1.22,1.82,-0.7,0.5,7,0.567,70.3
SUP-00426,Duff Supply Co 0426,Logistics,Mexico,2019-10-01,9.7,1,0.886,6.3,0.0036,982,0.963,0.0047,5.5,688,1.05,1.9,-0.7,9.4,0,1.0,96.6
SUP-00427,Zenith Trading 0427,Food,Poland,2018-06-03,12.0,2,0.873,3.0,0.0387,3607,0.966,0.0285,12.5,663,1.23,1.57,-2.5,4.6,2,0.586,75.8
SUP-00428,Vertex Holdings 0428,Chemicals,Germany,2023-09-11,29.9,1,0.92,3.5,0.0425,3195,0.839,0.0358,9.8,643,0.83,0.61,0.8,5.5,6,0.727,88.2
SUP-00429,Wonka Systems 0429,Packaging,China,2018-02-15,31.4,2,0.873,3.1,0.0296,1385,0.909,0.0212,0.7,639,1.0,1.43,4.0,9.8,0,0.818,90.3
SUP-00430,Compu LLC 0430,Food,Turkey,2021-04-07,4.1,1,0.928,1.7,0.0105,2123,0.972,0.0912,13.0,654,0.75,1.67,0.5,2.7,4,0.792,89.8
SUP-00431,Compu Limited 0431,Food,Poland,2022-04-15,13.1,3,0.757,1.1,0.0117,8532,0.929,0.0113,6.0,809,0.31,2.17,15.5,14.4,2,0.883,89.6
SUP-00432,Bluth Holdings 0432,Packaging,Vietnam,2022-03-03,9.2,2,0.954,0.8,0.0549,3803,0.869,0.0646,11.4,699,0.87,1.26,6.7,4.4,7,0.819,84.9
SUP-00433,Summit Industries 0433,Logistics,USA,2021-06-10,10.2,2,0.97,1.1,0.0415,3634,0.83,0.0402,0.0,763,1.2,1.65,8.5,10.3,0,0.969,89.1
SUP-00434,Cyberdyne Worldwide 0434,Packaging,Germany,2020-03-08,3.5,2,0.859,0.6,0.0169,1747,0.935,0.0302,1.5,675,0.16,1.79,0.7,4.9,3,0.745,80.1
SUP-00435,Stark Corp 0435,Raw Materials,USA,2024-05-15,10.4,1,0.879,2.8,0.0168,1078,0.946,0.0375,13.5,745,0.57,1.21,9.6,18.8,1,0.843,92.4
SUP-00436,Cogswell Manufacturing 0436,Textiles,Japan,2022-11-14,7.2,3,0.834,0.2,0.0576,905,0.988,0.0639,3.5,771,0.97,2.47,12.7,11.2,1,1.0,96.5
SUP-00437,Cortex Industries 0437,Machinery,China,2021-08-10,3.1,2,0.807,2.4,0.0299,1549,0.95,0.0566,5.3,745,1.08,2.99,16.0,13.1,2,0.794,81.7
SUP-00438,Initech Worldwide 0438,Logistics,Poland,2022-01-23,4.2,3,0.724,2.6,0.0816,12250,0.783,0.0464,12.5,530,2.25,0.2,-12.1,0.5,3,0.625,65.0
SUP-00439,Pinnacle Trading 0439,Electronics,India,2023-03-09,2.3,2,0.828,2.6,0.079,3503,0.835,0.0578,10.1,660,1.44,1.91,3.4,1.8,6,0.903,86.1
SUP-00440,Yutani Holdings 0440,Raw Materials,Turkey,2018-04-06,14.6,1,0.771,3.4,0.0364,8612,0.834,0.0975,5.9,606,1.28,1.05,1.7,6.6,2,0.847,67.7
SUP-00441,Vortex Holdings 0441,Raw Materials,Vietnam,2018-04-12,11.0,1,0.886,3.5,0.0611,2099,0.894,0.0411,9.5,659,1.25,2.12,8.5,7.5,10,0.914,83.6
SUP-00442,Nakatomi Limited 0442,Raw Materials,Poland,2022-03-05,31.5,3,0.74,5.7,0.0552,1447,0.776,0.0633,13.1,578,1.35,1.1,-7.2,0.5,3,0.652,80.0
SUP-00443,Apex Manufacturing 0443,Machinery,Germany,2019-04-21,13.8,2,0.937,0.6,0.0152,781,1.0,0.0174,4.9,740,0.3,1.87,1.7,8.4,2,0.94,80.0
SUP-00444,Acme Trading 0444,Electronics,Japan,2021-04-23,15.7,3,0.862,1.1,0.0385,26333,0.85,0.0308,12.2,681,1.56,0.77,0.7,2.0,7,0.847,73.1
SUP-00445,Zenith Holdings 0445,Packaging,China,2024-09-26,4.0,2,0.868,3.0,0.0293,736,0.921,0.0937,1.9,736,0.95,1.75,7.9,7.2,2,0.824,85.3
SUP-00446,Cooper Manufacturing 0446,Machinery,Poland,2021-01-17,13.9,2,0.772,7.6,0.0204,19143,0.921,0.0428,15.6,610,2.25,1.18,-2.2,0.5,7,0.587,69.6
SUP-00447,Cooper Supply Co 0447,Chemicals,USA,2018-02-09,6.1,1,0.937,0.1,0.0219,1827,0.884,0.0742,4.6,711,1.48,1.27,-1.1,13.0,5,0.945,80.4
SUP-00448,Pinnacle Worldwide 0448,Chemicals,China,2023-06-10,6.6,1,0.751,0.3,0.0284,164,0.933,0.1145,17.5,647,1.58,1.64,5.2,7.6,1,0.838,72.8
SUP-00449,Cogswell Manufacturing 0449,Food,Germany,2021-01-22,3.4,3,0.842,0.7,0.0363,572,0.957,0.1092,1.9,725,0.85,0.77,2.4,11.6,1,0.92,86.2
SUP-00450,Mifflin International 0450,Logistics,Mexico,2021-10-15,11.5,3,0.823,9.6,0.0426,656,0.884,0.0616,0.0,664,0.8,1.85,5.8,10.4,0,0.779,94.2
SUP-00451,Vertex Industries 0451,Logistics,India,2018-05-12,21.1,1,0.829,17.0,0.0135,693,0.954,0.0142,25.4,668,0.77,2.14,3.5,8.6,6,0.897,78.8
SUP-00452,Apex Systems 0452,Packaging,Vietnam,2024-12-20,7.3,2,0.918,0.8,0.0309,19303,0.943,0.0948,0.0,808,0.99,2.39,20.1,16.3,0,0.888,100.0
SUP-00453,Globex Holdings 0453,Electronics,USA,2019-06-13,13.9,3,0.908,0.7,0.0765,2930,0.809,0.0541,3.3,761,1.12,1.49,7.4,13.4,0,0.917,88.0
SUP-00454,LexCorp Supply Co 0454,Food,India,2023-03-11,8.4,2,0.805,10.8,0.0363,2157,0.969,0.029,3.5,724,0.91,2.04,8.9,14.1,3,0.827,83.6
SUP-00455,Planet Manufacturing 0455,Electronics,Brazil,2023-07-27,11.3,2,0.948,3.2,0.036,2517,0.807,0.0242,20.3,670,1.19,1.54,-2.1,0.5,4,0.843,77.9
SUP-00456,Dunder Worldwide 0456,Textiles,Brazil,2021-06-16,8.8,2,0.868,0.3,0.0108,1132,0.938,0.0563,5.0,767,1.14,2.14,7.0,12.9,1,1.0,99.6
SUP-00457,Initech Partners 0457,Food,Mexico,2018-06-28,3.9,2,0.815,2.5,0.0664,1708,0.786,0.0775,6.7,539,2.32,0.25,-12.6,0.5,3,0.624,68.3
SUP-00458,Initech Supply Co 0458,Logistics,Turkey,2022-09-03,4.7,3,0.784,3.9,0.0159,5541,0.982,0.0141,1.0,676,1.02,0.85,7.0,13.3,0,0.848,84.5
SUP-00459,Globex Manufacturing 0459,Chemicals,Poland,2022-08-21,9.7,2,0.758,7.6,0.041,11956,0.873,0.0801,10.5,674,1.36,1.04,8.6,0.5,5,0.79,77.4
SUP-00460,Planet Worldwide 0460,Textiles,Vietnam,2021-02-25,4.4,2,0.853,0.8,0.0485,4887,0.866,0.0839,8.6,698,1.4,1.73,-9.4,3.8,2,0.716,86.8
SUP-00461,LexCorp Supply Co 0461,Textiles,China,2018-04-27,3.3,2,0.801,4.5,0.0322,424,0.915,0.0533,10.4,655,1.01,1.65,-5.6,4.6,3,0.649,81.8
SUP-00462,Oscorp Corp 0462,Electronics,Mexico,2021-07-29,23.8,3,0.926,2.2,0.0516,525,0.937,0.0567,0.6,804,0.67,2.25,13.3,11.2,1,0.906,97.8
SUP-00463,Daily Group 0463,Logistics,Poland,2023-07-20,14.2,1,0.843,8.9,0.0257,880,0.957,0.0384,9.5,816,0.89,3.04,8.1,8.3,3,0.912,83.2
SUP-00464,Cyberdyne Limited 0464,Machinery,Japan,2023-11-19,9.9,2,0.799,6.0,0.019,948,0.863,0.075,5.0,720,1.63,1.41,-1.6,0.5,4,0.767,65.7
SUP-00465,Spacely Supply Co 0465,Packaging,Turkey,2024-10-20,20.1,2,0.963,0.0,0.0553,1861,1.0,0.0326,0.0,850,0.05,2.82,26.0,18.4,0,0.998,100.0
SUP-00466,Cogswell Worldwide 0466,Textiles,Poland,2022-09-08,5.2,3,0.86,1.3,0.0245,2733,0.886,0.0585,0.0,684,0.3,1.05,7.5,4.7,1,0.836,85.4
SUP-00467,Cogswell Corp 0467,Raw Materials,China,2024-06-08,6.4,2,0.883,0.8,0.046,872,0.949,0.0265,0.0,674,0.61,2.29,8.1,7.7,1,0.977,80.8
SUP-00468,Spacely Supply Co 0468,Food,Germany,2020-11-14,4.3,2,1.0,0.0,0.0,2601,0.993,0.032,0.0,850,0.05,3.76,23.3,27.3,0,1.0,100.0
SUP-00469,Vertex Trading 0469,Chemicals,Poland,2021-08-31,17.3,1,0.923,4.9,0.0048,6751,0.911,0.0116,37.1,711,1.74,1.23,-2.9,2.3,3,0.725,86.4
SUP-00470,Aperture Holdings 0470,Textiles,Brazil,2020-10-23,7.8,2,0.881,2.3,0.0496,3440,0.885,0.049,17.7,693,0.31,1.95,13.2,8.4,1,0.741,86.9
SUP-00471,Duff Corp 0471,Machinery,Brazil,2022-07-28,13.9,2,0.85,3.2,0.03,1553,0.874,0.0523,3.4,654,1.89,1.55,3.4,11.5,0,0.726,77.5
SUP-00472,Sterling Logistics 0472,Raw Materials,India,2019-05-23,7.1,2,0.771,7.9,0.0778,6260,0.902,0.059,15.0,651,1.49,0.99,-10.9,1.9,2,0.842,74.1
SUP-00473,Genco LLC 0473,Raw Materials,Turkey,2022-07-19,12.8,1,0.794,27.0,0.0437,345,0.911,0.0374,22.0,671,1.48,1.1,2.6,0.5,5,0.955,73.3
SUP-00474,Mifflin Logistics 0474,Chemicals,USA,2024-11-11,9.2,2,0.85,1.7,0.0618,14605,0.869,0.077,6.0,648,0.57,0.8,-4.2,5.9,2,0.723,71.8
SUP-00475,Krusty Partners 0475,Logistics,Germany,2023-05-18,15.2,2,0.811,4.5,0.039,3819,0.921,0.0672,4.4,670,1.03,1.62,6.0,3.8,9,0.961,87.2
SUP-00476,Zenith Corp 0476,Machinery,Brazil,2018-02-17,29.7,2,0.829,5.6,0.0307,5378,0.942,0.0279,3.4,674,1.16,1.64,11.7,13.4,4,0.959,87.0
SUP-00477,Apex Limited 0477,Logistics,Turkey,2024-12-06,7.8,2,0.834,10.2,0.0523,1851,0.928,0.0467,6.6,684,1.41,1.27,0.0,1.1,6,0.796,70.0
SUP-00478,Umbrella Solutions 0478,Electronics,China,2022-10-31,10.4,3,0.858,3.6,0.04,3155,0.846,0.0291,27.5,637,1.29,1.38,-4.3,0.5,2,0.742,84.4
SUP-00479,Globex Manufacturing 0479,Food,Japan,2022-09-11,17.3,1,0.837,10.1,0.0457,1082,0.877,0.0362,9.9,564,1.9,0.2,-2.0,0.5,2,0.736,66.2
SUP-00480,Spacely Corp 0480,Chemicals,Poland,2023-08-30,14.9,1,0.848,0.9,0.0339,9371,0.909,0.0471,4.7,591,1.09,1.75,3.8,6.4,5,0.905,82.5
SUP-00481,Queen Manufacturing 0481,Electronics,India,2024-02-02,2.9,1,0.94,0.9,0.0031,6620,0.976,0.0396,0.0,729,0.61,1.5,3.7,13.2,2,0.917,88.1
SUP-00482,Cooper Solutions 0482,Raw Materials,Japan,2021-05-15,9.1,2,0.893,3.4,0.0161,7223,0.87,0.0726,9.2,593,1.81,0.52,-5.2,4.0,3,0.667,91.5
SUP-00483,Pearson Corp 0483,Logistics,India,2022-10-18,1.6,3,0.914,0.5,0.0263,3399,0.953,0.0532,11.4,698,1.39,1.72,9.5,12.6,3,0.821,91.5
SUP-00484,Initech Partners 0484,Food,Brazil,2022-04-04,10.4,3,0.745,1.2,0.0739,15055,0.842,0.0982,14.0,633,1.69,0.71,-8.8,5.1,5,0.615,72.4
SUP-00485,Bluth Trading 0485,Machinery,Turkey,2020-10-05,3.1,2,0.918,3.2,0.0323,3563,0.944,0.0343,3.8,645,0.64,0.88,11.2,5.5,6,0.765,78.8
SUP-00486,Hooli Trading 0486,Packaging,USA,2022-03-13,13.0,3,0.74,11.9,0.0299,5280,0.89,0.1267,6.7,690,1.26,2.26,5.4,9.3,1,0.9,77.9
SUP-00487,Dunder Industries 0487,Food,China,2020-11-24,35.9,1,0.895,1.2,0.0392,2396,0.887,0.0374,22.0,637,1.79,1.57,-4.6,2.2,5,0.875,76.3
SUP-00488,Aperture Systems 0488,Electronics,Poland,2024-01-09,13.5,2,0.84,0.9,0.0233,1713,0.85,0.0355,15.2,624,1.23,1.15,3.4,2.7,5,0.775,69.4
SUP-00489,Hardman Limited 0489,Logistics,USA,2022-07-25,3.3,1,0.831,0.7,0.0371,2124,0.86,0.0364,3.5,658,0.57,1.74,-6.3,9.2,1,1.0,82.9
SUP-00490,Wayne Systems 0490,Food,USA,2020-06-19,2.5,1,0.931,1.6,0.0137,1918,0.98,0.0516,9.2,835,1.16,1.88,12.4,14.4,0,1.0,87.1
SUP-00491,Wonka Worldwide 0491,Electronics,India,2021-07-31,14.8,1,0.876,11.0,0.0446,4773,0.911,0.0425,1.9,640,0.86,1.57,-7.4,8.6,9,0.917,85.2
SUP-00492,Acme Corp 0492,Machinery,Vietnam,2018-12-22,6.2,1,0.794,1.3,0.0296,3088,0.904,0.0165,7.7,639,1.96,0.94,7.9,7.5,6,0.695,86.2
SUP-00493,Stark Systems 0493,Electronics,Mexico,2018-11-19,2.2,1,0.846,11.2,0.0229,6309,0.792,0.0232,7.3,581,2.08,1.33,-3.2,0.5,0,0.65,79.8
SUP-00494,Spacely Limited 0494,Raw Materials,Germany,2021-12-28,5.2,3,0.761,1.0,0.0287,1226,0.89,0.0229,12.1,706,1.06,0.78,5.1,3.6,2,0.775,87.4
SUP-00495,Planet Worldwide 0495,Electronics,USA,2024-12-20,41.0,1,1.0,0.0,0.0123,2911,0.854,0.0576,2.5,698,0.05,1.6,6.4,5.8,0,0.838,86.8
SUP-00496,Massive Dynamic Limited 0496,Chemicals,Germany,2021-04-26,18.5,2,0.893,0.0,0.0496,1050,0.869,0.0371,8.6,689,1.15,1.35,0.7,10.5,0,0.84,78.1
SUP-00497,Hardman Logistics 0497,Machinery,Brazil,2024-08-23,18.2,3,0.744,2.1,0.0451,4150,0.839,0.0267,3.5,702,1.3,1.31,1.6,4.9,2,0.963,86.1
SUP-00498,Summit Holdings 0498,Chemicals,Brazil,2019-02-19,35.2,2,1.0,0.0,0.0104,1242,0.954,0.0787,4.5,803,1.23,1.7,4.0,9.8,0,0.886,91.4
SUP-00499,Yutani Corp 0499,Electronics,USA,2024-02-28,16.6,2,0.832,0.0,0.0086,4746,0.99,0.02,0.0,714,1.31,2.04,19.6,19.1,0,0.96,97.2
SUP-00500,Weyland Corp 0500,Machinery,Poland,2021-10-16,18.1,3,0.904,21.1,0.0181,6116,0.949,0.0216,9.8,757,0.53,1.75,13.7,11.1,0,0.995,77.0
SUP-00501,Bluth Manufacturing 0501,Food,USA,2022-01-05,9.0,3,0.919,6.8,0.0301,5604,0.926,0.0207,3.1,808,0.69,2.21,11.7,10.9,1,0.986,92.3
SUP-00502,Gringotts LLC 0502,Textiles,USA,2023-09-11,5.5,2,0.884,0.8,0.0334,1887,0.837,0.0228,5.4,649,0.77,1.46,0.5,0.5,4,0.766,86.8
SUP-00503,Vertex Corp 0503,Logistics,USA,2023-04-20,13.8,2,0.959,0.5,0.0537,4790,0.926,0.0283,0.5,752,1.81,2.32,8.4,10.5,0,0.964,100.0
SUP-00504,Compu International 0504,Raw Materials,Brazil,2020-07-12,9.0,2,0.936,1.4,0.0146,4964,1.0,0.0154,0.0,767,0.47,2.86,16.4,23.2,1,0.978,98.2
SUP-00505,Bluth Industries 0505,Machinery,Japan,2018-09-07,25.0,3,0.732,2.4,0.0298,2841,0.959,0.0408,4.2,795,1.19,2.23,18.5,14.8,0,0.946,92.8
SUP-00506,Vandelay LLC 0506,Packaging,China,2024-01-01,9.6,2,0.873,0.6,0.0108,799,0.944,0.1078,0.4,771,1.0,1.64,10.2,12.9,0,1.0,94.5
SUP-00507,Bugle LLC 0507,Textiles,India,2022-03-18,3.4,2,0.964,0.0,0.0001,4526,1.0,0.0303,11.1,824,0.22,2.85,14.1,19.4,0,1.0,100.0
SUP-00508,Globex Manufacturing 0508,Raw Materials,Mexico,2023-01-07,29.0,3,0.834,6.4,0.0275,2104,0.985,0.034,18.0,749,1.63,2.38,4.5,6.1,0,0.982,92.1
SUP-00509,Summit Industries 0509,Electronics,India,2023-07-13,12.6,2,0.937,0.2,0.0595,9040,0.935,0.1094,0.0,804,0.39,2.24,17.9,18.0,1,1.0,91.8
SUP-00510,LexCorp Systems 0510,Electronics,Mexico,2018-12-16,8.7,3,0.787,2.1,0.0438,750,0.792,0.1487,13.0,602,1.4,0.66,-4.0,0.5,3,0.575,67.2
SUP-00511,Rand International 0511,Textiles,Mexico,2023-07-13,19.1,3,0.814,3.9,0.0586,7736,0.971,0.0436,8.9,784,0.54,0.81,7.9,11.7,2,0.89,86.1
SUP-00512,Cyberdyne Partners 0512,Machinery,Japan,2020-06-14,22.2,2,0.907,4.2,0.0108,3555,0.873,0.0662,22.8,603,1.51,1.33,-0.7,0.5,7,0.747,76.2
SUP-00513,Hooli Group 0513,Machinery,Mexico,2020-03-08,3.9,2,0.888,4.6,0.0162,5796,1.0,0.0556,4.4,771,0.88,2.1,17.4,12.5,2,0.983,93.4
SUP-00514,Pearson Group 0514,Chemicals,Turkey,2018-11-24,9.6,2,0.833,1.1,0.0714,3090,0.821,0.0481,21.8,668,0.92,2.01,3.5,8.7,0,0.865,91.6
SUP-00515,Hooli Solutions 0515,Logistics,USA,2019-03-08,15.1,3,0.804,1.2,0.0231,3649,0.92,0.0453,5.0,698,0.67,1.42,0.7,16.6,1,0.876,87.1
SUP-00516,Pinnacle Industries 0516,Packaging,Mexico,2021-08-16,10.5,2,0.911,0.3,0.011,10623,0.936,0.0618,0.2,651,0.5,1.77,4.3,11.0,0,0.911,90.7
SUP-00517,Hooli Logistics 0517,Packaging,USA,2023-06-16,9.6,2,0.786,2.0,0.0238,12216,0.968,0.0477,12.9,674,0.82,1.3,3.4,2.7,2,0.766,77.3
SUP-00518,Hardman Logistics 0518,Food,Japan,2023-12-05,4.7,2,0.807,0.6,0.0249,698,0.93,0.0423,2.5,696,1.09,0.87,-1.7,14.1,7,0.749,79.5
SUP-00519,Daily Manufacturing 0519,Textiles,Japan,2021-05-21,6.5,2,1.0,1.4,0.0234,11791,1.0,0.0268,0.0,850,0.07,3.02,19.9,18.1,0,1.0,100.0
SUP-00520,Massive Dynamic LLC 0520,Electronics,Turkey,2020-06-01,20.3,2,0.783,4.8,0.0265,3719,0.875,0.0228,10.3,628,1.11,1.89,-5.7,5.4,3,0.654,82.7
SUP-00521,Massive Dynamic Solutions 0521,Chemicals,Japan,2021-03-21,11.1,1,0.896,9.5,0.0382,402,0.919,0.0449,2.9,656,1.32,1.52,16.5,6.5,5,0.935,89.4
SUP-00522,Wayne Systems 0522,Chemicals,Poland,2024-07-04,15.7,1,0.828,2.0,0.0371,5947,0.872,0.0359,6.5,635,1.44,0.76,5.1,1.6,5,0.7,81.6
SUP-00523,Bluth Worldwide 0523,Food,China,2018-11-02,9.9,2,0.995,0.5,0.0081,378,0.902,0.045,9.4,785,0.38,2.88,0.6,8.8,0,0.848,86.9
SUP-00524,Hardman Partners 0524,Raw Materials,Brazil,2021-11-23,3.8,2,0.925,0.0,0.0147,1120,0.911,0.0253,7.0,760,0.66,2.03,12.1,15.3,1,0.946,87.5
SUP-00525,Pied Piper Holdings 0525,Textiles,Vietnam,2024-09-30,4.8,3,0.765,2.2,0.0258,1181,0.897,0.0214,7.0,653,1.44,1.43,-3.0,0.5,6,0.672,76.9
SUP-00526,LexCorp Group 0526,Raw Materials,Germany,2024-06-04,13.8,2,0.817,2.3,0.0049,4244,0.934,0.034,0.0,802,0.6,2.47,17.3,17.4,2,1.0,87.0
SUP-00527,Cooper Trading 0527,Machinery,Vietnam,2020-01-25,20.0,1,0.819,7.3,0.0373,1615,0.874,0.0371,3.8,645,1.75,0.92,5.1,6.9,3,0.591,72.1
SUP-00528,Hooli Manufacturing 0528,Food,China,2020-03-04,13.2,2,0.946,10.9,0.037,201,0.949,0.0428,0.0,799,0.38,2.1,15.1,14.2,0,1.0,89.4
SUP-00529,Mifflin Logistics 0529,Logistics,Germany,2018-01-19,5.6,3,0.9,9.8,0.0375,18912,0.919,0.046,0.0,751,0.05,1.98,9.5,10.2,0,1.0,82.7
SUP-00530,Wayne LLC 0530,Chemicals,Germany,2024-01-04,3.9,3,0.836,2.4,0.0179,2039,0.859,0.026,12.7,664,1.04,1.11,0.6,1.9,2,0.725,83.3
SUP-00531,Queen Partners 0531,Raw Materials,India,2021-07-23,25.1,3,0.939,0.2,0.0176,9090,0.945,0.0332,8.3,687,1.15,1.26,11.9,11.7,2,0.887,93.5
SUP-00532,Rand Holdings 0532,Raw Materials,Vietnam,2021-03-01,18.9,2,0.794,0.9,0.0406,1233,0.855,0.0954,3.7,626,0.92,1.05,5.6,6.9,1,0.77,91.1
SUP-00533,Vortex Partners 0533,Food,Brazil,2024-08-08,6.9,2,0.922,1.4,0.0311,2187,0.833,0.1057,12.6,621,1.42,1.41,3.8,8.8,2,0.685,77.3
SUP-00534,Cooper Solutions 0534,Packaging,USA,2019-10-16,13.5,2,0.831,11.1,0.0217,6793,0.9,0.1217,10.1,595,2.37,0.47,-7.0,0.5,2,0.698,66.0
SUP-00535,Pied Piper Solutions 0535,Chemicals,Germany,2019-02-20,6.5,3,0.778,4.7,0.0589,1003,0.851,0.1036,0.7,608,0.86,1.52,8.0,8.6,3,0.83,86.0
SUP-00536,Stark LLC 0536,Chemicals,Poland,2023-08-31,25.7,2,0.808,0.5,0.0099,561,1.0,0.053,1.3,664,0.65,1.9,-7.4,7.8,3,0.869,81.0
SUP-00537,Dunder Manufacturing 0537,Raw Materials,Poland,2021-05-24,8.2,3,0.829,1.9,0.0234,648,0.939,0.0457,3.5,608,0.85,1.34,3.9,0.7,1,0.873,92.0
SUP-00538,Wayne Tech Systems 0538,Textiles,Brazil,2018-07-22,9.0,2,0.872,0.2,0.0064,18531,0.926,0.1281,21.8,707,0.62,1.51,1.5,8.1,0,0.832,81.8
SUP-00539,Vortex Holdings 0539,Logistics,Germany,2022-04-25,22.8,3,0.943,0.0,0.0171,1194,1.0,0.0196,2.4,834,0.23,1.49,8.4,17.0,1,1.0,100.0
SUP-00540,Nakatomi Worldwide 0540,Machinery,Germany,2024-03-18,10.8,2,0.93,2.0,0.0409,3666,0.926,0.0728,1.8,713,1.48,2.12,2.2,10.4,1,0.896,86.8
SUP-00541,Nakatomi Solutions 0541,Machinery,Vietnam,2022-10-20,14.0,1,0.96,0.9,0.028,6701,0.891,0.0505,9.4,699,1.23,1.2,2.7,6.5,0,0.865,98.2
SUP-00542,Mifflin Worldwide 0542,Chemicals,Vietnam,2023-04-06,6.3,3,0.854,1.6,0.0274,863,0.908,0.0622,6.3,664,0.89,0.64,-5.4,5.9,6,0.938,64.8
SUP-00543,Hooli Corp 0543,Food,Japan,2020-10-24,26.3,3,0.832,0.6,0.0303,22472,0.884,0.0891,15.3,694,1.43,1.94,1.2,3.0,3,0.716,77.2
SUP-00544,Roxxon Group 0544,Food,Vietnam,2021-04-05,5.7,2,0.908,1.6,0.0175,16834,0.968,0.0487,2.2,697,2.75,1.82,-2.2,9.7,3,0.897,79.9
SUP-00545,Initech Group 0545,Textiles,India,2019-05-07,11.8,2,0.954,0.6,0.0209,441,0.914,0.1095,1.1,685,0.96,2.32,10.4,10.9,0,0.953,93.5
SUP-00546,Apex LLC 0546,Electronics,Japan,2022-10-30,11.4,2,0.878,1.9,0.0178,848,0.911,0.1011,11.1,652,0.74,1.92,-1.7,6.1,6,0.873,73.2
SUP-00547,Cooper LLC 0547,Logistics,India,2018-02-13,13.5,2,0.895,7.1,0.0214,573,0.937,0.0432,1.7,727,0.18,0.8,1.4,1.8,4,0.88,77.6
SUP-00548,Zenith Supply Co 0548,Food,Poland,2024-06-22,12.0,3,0.91,0.0,0.0104,10382,0.898,0.0679,6.0,781,0.05,2.31,13.0,14.0,1,1.0,91.5
SUP-00549,Tyrell Group 0549,Packaging,USA,2019-05-12,7.9,3,0.84,1.0,0.0464,13208,0.904,0.0302,0.0,825,0.61,2.43,9.4,11.1,0,0.875,84.2
SUP-00550,Bugle International 0550,Machinery,USA,2021-06-30,6.7,1,1.0,0.4,0.0536,414,0.897,0.0686,25.7,708,0.05,1.54,12.8,16.2,0,0.975,87.2
SUP-00551,Oscorp Group 0551,Food,Turkey,2024-03-08,2.6,2,0.949,13.0,0.0181,977,0.887,0.0812,6.0,747,1.21,2.02,7.6,10.1,0,0.821,91.7
SUP-00552,Umbrella Holdings 0552,Machinery,Poland,2018-01-08,29.8,1,0.873,0.1,0.0099,1091,0.959,0.0474,9.3,627,0.52,2.09,11.0,12.5,0,0.848,87.1
SUP-00553,Compu Manufacturing 0553,Logistics,Germany,2021-06-20,14.1,2,0.938,1.6,0.0156,994,0.924,0.031,11.7,697,0.88,1.9,1.0,5.4,3,0.768,92.0
SUP-00554,Cortex International 0554,Food,India,2023-12-07,25.7,1,0.919,5.5,0.0313,1028,0.92,0.0377,6.6,625,1.29,1.37,2.5,4.2,5,0.815,80.1
SUP-00555,Massive Dynamic International 0555,Packaging,Japan,2018-03-01,15.0,2,0.82,2.1,0.0393,4704,0.908,0.0283,4.9,641,1.89,1.76,-4.0,7.2,7,0.758,76.0
SUP-00556,Hammer Worldwide 0556,Machinery,China,2020-09-26,4.4,2,0.875,6.2,0.0679,8080,0.818,0.0736,1.9,777,0.88,1.3,3.1,7.3,0,0.8,83.7
SUP-00557,Hammer Partners 0557,Chemicals,China,2021-01-26,9.8,1,0.856,1.1,0.0097,364,0.909,0.0273,9.3,682,0.9,1.73,4.6,7.3,4,0.84,83.6
SUP-00558,Pym LLC 0558,Packaging,Germany,2023-01-29,9.3,2,0.92,3.5,0.0199,13191,0.955,0.017,0.0,773,0.05,2.47,9.3,9.2,1,0.815,100.0
SUP-00559,Initech Supply Co 0559,Chemicals,Mexico,2024-07-14,10.4,1,0.891,7.8,0.0078,581,0.839,0.0098,7.2,698,1.76,1.02,0.5,0.5,4,0.747,75.9
SUP-00560,Compu Manufacturing 0560,Chemicals,Poland,2021-10-03,7.3,2,0.715,3.6,0.0294,8603,0.881,0.0412,5.5,695,0.98,1.58,1.6,8.8,0,0.864,85.1
SUP-00561,Pym Industries 0561,Packaging,Germany,2019-09-04,5.0,3,0.919,4.6,0.0223,5888,1.0,0.018,0.0,684,0.22,1.86,15.4,13.6,1,0.903,85.6
SUP-00562,Pied Piper Systems 0562,Packaging,China,2022-07-21,29.7,2,0.827,7.1,0.0207,2771,0.924,0.0316,0.7,757,0.28,1.17,2.6,9.9,2,1.0,90.5
SUP-00563,Vortex Systems 0563,Textiles,Vietnam,2024-02-06,10.8,3,0.815,2.4,0.0282,4705,0.888,0.0199,5.9,695,0.4,1.21,6.1,4.0,1,0.991,85.5
SUP-00564,Umbrella Holdings 0564,Raw Materials,Mexico,2021-08-29,14.1,2,0.85,6.9,0.013,869,0.905,0.0643,21.8,629,1.62,1.12,5.3,9.7,2,0.915,95.1
SUP-00565,Roxxon Manufacturing 0565,Food,USA,2024-06-17,4.9,2,0.929,5.4,0.0096,1388,0.938,0.0236,1.9,685,0.66,2.32,2.3,6.7,1,0.746,90.3
SUP-00566,Acme Corp 0566,Textiles,Germany,2022-09-21,6.7,1,0.88,0.7,0.0039,9801,0.977,0.0045,3.5,770,1.19,2.47,12.2,12.2,1,0.952,91.9
SUP-00567,Hammer Limited 0567,Chemicals,USA,2022-02-22,10.8,2,0.864,0.6,0.0,7296,1.0,0.0358,0.0,850,0.57,2.69,16.1,23.9,0,1.0,99.8
SUP-00568,Stark LLC 0568,Chemicals,Vietnam,2019-06-16,7.5,2,0.999,0.0,0.0845,1011,0.912,0.0868,0.2,802,0.27,2.85,5.4,11.8,0,1.0,99.8
SUP-00569,Summit International 0569,Machinery,Turkey,2018-11-16,28.6,1,0.939,2.6,0.0245,3196,0.909,0.031,0.0,754,0.34,1.83,7.5,11.3,0,1.0,96.8
SUP-00570,Genco Systems 0570,Chemicals,Japan,2018-06-22,15.1,1,0.916,11.8,0.0135,2141,0.882,0.0288,9.9,678,1.03,1.01,1.6,0.5,3,0.784,75.9
SUP-00571,Daily Corp 0571,Machinery,Mexico,2018-10-02,12.6,1,0.911,1.1,0.0052,1215,0.866,0.093,9.0,681,0.87,1.05,-9.5,7.6,3,0.888,79.6
SUP-00572,Stark Trading 0572,Food,Brazil,2019-03-01,25.8,2,0.987,0.0,0.0116,1550,1.0,0.0598,21.4,807,0.23,3.07,19.1,15.4,2,1.0,93.8
SUP-00573,Acme Trading 0573,Machinery,Brazil,2021-09-27,9.9,2,0.907,4.1,0.014,4350,0.927,0.0302,41.0,704,0.88,1.95,13.9,11.5,9,0.663,85.5
SUP-00574,Pinnacle LLC 0574,Machinery,Japan,2021-04-22,3.4,3,1.0,0.0,0.0194,2717,1.0,0.0193,0.0,805,0.05,2.32,11.0,22.0,1,0.985,100.0
SUP-00575,Initech Industries 0575,Food,Germany,2020-06-25,6.0,3,0.764,2.7,0.0304,712,0.944,0.0195,1.2,656,0.13,1.58,1.8,6.0,5,0.854,79.7
SUP-00576,Pearson Logistics 0576,Chemicals,Mexico,2021-07-20,11.1,3,0.775,3.4,0.0306,7946,0.977,0.0628,16.2,808,0.12,2.61,9.0,13.2,1,1.0,100.0
SUP-00577,Bluth International 0577,Textiles,China,2020-08-27,16.9,2,0.922,2.3,0.0154,533,0.905,0.0343,6.5,794,0.83,1.22,5.0,9.9,1,0.82,90.3
SUP-00578,Nakatomi Trading 0578,Chemicals,USA,2020-09-20,8.4,2,0.9,0.6,0.0408,4956,0.948,0.0394,7.1,742,1.85,2.15,3.9,13.4,0,0.929,83.0
SUP-00579,Umbrella LLC 0579,Raw Materials,China,2020-02-11,16.8,1,0.756,9.2,0.0318,3491,0.826,0.0697,6.0,596,1.3,0.89,-2.9,2.8,1,0.744,73.9
SUP-00580,Spacely Partners 0580,Raw Materials,USA,2024-09-23,11.8,2,1.0,0.0,0.0034,2294,1.0,0.0416,23.8,783,0.65,2.59,21.4,13.4,1,0.993,94.4
SUP-00581,Aperture Group 0581,Packaging,India,2023-07-19,6.4,1,0.79,3.1,0.0114,5752,0.831,0.0762,15.0,602,2.0,1.69,-5.7,3.7,2,0.702,74.6
SUP-00582,Black Mesa LLC 0582,Electronics,China,2021-06-21,46.6,2,0.848,5.4,0.0297,2748,0.873,0.0601,4.3,723,1.11,1.28,10.6,7.7,6,0.861,88.9
SUP-00583,Summit Holdings 0583,Packaging,India,2018-11-23,3.6,2,0.811,1.9,0.0375,4497,0.957,0.0196,3.7,662,0.75,0.27,-13.6,1.0,2,0.666,84.5
SUP-00584,Wonka Supply Co 0584,Food,Mexico,2024-11-17,6.8,3,0.741,1.7,0.0922,2314,0.851,0.0609,19.6,596,0.49,0.64,2.6,3.9,6,0.713,79.7
SUP-00585,Vandelay Systems 0585,Machinery,USA,2021-03-31,10.4,1,0.801,6.8,0.0104,2632,0.851,0.0292,6.7,585,1.44,1.11,-5.5,7.0,5,0.738,73.0
SUP-00586,Cooper Group 0586,Logistics,Vietnam,2022-09-21,7.6,2,0.861,0.1,0.0088,2110,0.878,0.0401,4.4,643,0.65,1.23,-1.3,8.6,1,0.935,85.5
SUP-00587,Vortex Holdings 0587,Textiles,India,2018-03-04,15.0,2,0.708,0.8,0.0219,1936,0.879,0.0208,9.4,654,0.98,0.48,-5.7,5.0,3,0.708,68.1
SUP-00588,Cooper Partners 0588,Chemicals,Mexico,2024-10-08,8.9,1,0.942,4.3,0.0385,789,0.891,0.0628,14.7,635,1.21,1.27,11.2,11.4,4,0.84,85.3
SUP-00589,Hooli Trading 0589,Food,India,2022-08-20,4.3,2,0.866,3.4,0.0101,921,0.911,0.0193,7.6,678,1.12,1.08,0.0,7.7,3,0.735,86.3
SUP-00590,Wayne Holdings 0590,Electronics,USA,2021-06-19,17.0,3,0.704,5.5,0.0352,1193,0.869,0.0417,30.7,609,2.52,0.97,4.3,2.2,6,0.561,74.2
SUP-00591,Zenith Supply Co 0591,Chemicals,Poland,2018-07-27,12.7,2,0.826,4.8,0.0756,3954,0.915,0.0751,5.4,742,1.28,1.25,3.5,10.9,3,0.899,83.8
SUP-00592,Pied Piper LLC 0592,Textiles,USA,2024-08-12,5.6,2,0.898,0.7,0.0066,1154,0.932,0.0309,0.0,749,0.05,1.98,13.4,12.9,0,1.0,99.1
SUP-00593,Wayne Tech Group 0593,Packaging,Poland,2023-11-18,17.9,1,0.78,1.1,0.026,3745,0.776,0.0484,11.3,605,1.43,0.7,-10.8,0.5,3,0.663,69.8
SUP-00594,Mifflin Limited 0594,Chemicals,Vietnam,2022-07-22,30.6,3,0.885,0.7,0.0181,585,0.912,0.0115,21.1,712,1.51,1.55,2.2,2.0,8,0.695,88.1
SUP-00595,Gringotts Worldwide 0595,Food,China,2018-01-16,15.9,3,0.808,1.8,0.0763,5279,0.917,0.0924,7.1,599,0.7,2.24,11.1,7.8,1,1.0,92.3
SUP-00596,Pym Limited 0596,Raw Materials,China,2018-08-02,4.2,3,1.0,0.0,0.0016,704,1.0,0.016,0.0,850,0.05,3.37,36.8,26.4,2,1.0,100.0
SUP-00597,Vertex Group 0597,Packaging,India,2024-10-29,10.3,2,0.863,0.0,0.0316,5358,0.944,0.0477,10.5,803,0.89,2.33,14.5,16.1,0,1.0,91.4
SUP-00598,Planet Systems 0598,Machinery,Turkey,2021-05-19,16.8,2,0.97,0.0,0.0162,4908,0.962,0.0147,1.7,771,0.05,1.9,18.3,12.4,2,0.782,90.4
SUP-00599,Daily Partners 0599,Chemicals,China,2019-04-27,17.4,3,0.826,0.7,0.0338,8586,0.889,0.0291,11.8,704,0.73,2.01,6.2,3.0,5,0.752,75.0
SUP-00600,Duff Solutions 0600,Chemicals,Japan,2022-08-07,5.2,1,0.839,0.2,0.0544,2783,0.888,0.0529,7.9,709,0.93,1.53,-5.4,6.3,5,0.936,89.7
